variant	qualifier	member	arity	class	in_all	has_decl	has_scheme	in_first_schemed	in_canon_qual	has_lower_arm	runtime_sym	runtime_sym_exists	ref_runtime_sym_exists	in_ref_stdlib	status
LogPrintln	Log	println	1	Pure	Y	Y	Y	N	Y	Y	log_println	Y	N	N	OK
LogInfo	Log	info	1	Pure	Y	Y	Y	Y	Y	Y	log_info	Y	N	N	OK
LogDebug	Log	debug	1	Pure	Y	Y	Y	Y	Y	Y	log_debug	Y	N	N	OK
LogWarn	Log	warn	1	Pure	Y	Y	Y	Y	Y	Y	log_warn	Y	N	N	OK
LogError	Log	error	1	Pure	Y	Y	Y	Y	Y	Y	log_error	Y	N	N	OK
LogInfoWith	Log	infoWith	2	Pure	Y	Y	Y	Y	Y	Y	log_info_with	Y	N	N	OK
LogDebugWith	Log	debugWith	2	Pure	Y	Y	Y	Y	Y	Y	log_debug_with	Y	N	N	OK
LogWarnWith	Log	warnWith	2	Pure	Y	Y	Y	Y	Y	Y	log_warn_with	Y	N	N	OK
LogErrorWith	Log	errorWith	2	Pure	Y	Y	Y	Y	Y	Y	log_error_with	Y	N	N	OK
StringFromInt	String	fromInt	1	Pure	Y	Y	Y	N	Y	Y	string_from_int	Y	N	N	OK
StringFromFloat	String	fromFloat	1	Pure	Y	Y	Y	N	Y	Y	string_from_float	Y	N	N	OK
StringLength	String	length	1	Pure	Y	Y	Y	Y	Y	Y	string_length	Y	N	N	OK
StringIsEmpty	String	isEmpty	1	Pure	Y	Y	Y	Y	Y	Y	string_is_empty	Y	N	N	OK
StringReverse	String	reverse	1	Pure	Y	Y	Y	Y	Y	Y	string_reverse	Y	N	N	OK
StringToUpper	String	toUpper	1	Pure	Y	Y	Y	Y	Y	Y	string_to_upper	Y	N	N	OK
StringToLower	String	toLower	1	Pure	Y	Y	Y	Y	Y	Y	string_to_lower	Y	N	N	OK
StringCasefold	String	casefold	1	Pure	Y	Y	Y	Y	Y	Y	string_casefold	Y	N	N	OK
StringTrim	String	trim	1	Pure	Y	Y	Y	Y	Y	Y	string_trim	Y	N	N	OK
StringTrimStart	String	trimStart	1	Pure	Y	Y	Y	Y	Y	Y	string_trim_start	Y	N	N	OK
StringTrimEnd	String	trimEnd	1	Pure	Y	Y	Y	Y	Y	Y	string_trim_end	Y	N	N	OK
StringToInt	String	toInt	1	Pure	Y	Y	Y	Y	Y	Y	string_to_int	Y	N	N	OK
StringToFloat	String	toFloat	1	Pure	Y	Y	Y	Y	Y	Y	string_to_float	Y	N	N	OK
StringFromChar	String	fromChar	1	Pure	Y	Y	Y	Y	Y	Y	string_from_char	Y	N	N	OK
StringFromList	String	fromList	1	Pure	Y	Y	Y	Y	Y	Y	string_from_list	Y	N	N	OK
StringConcat	String	concat	1	Pure	Y	Y	Y	Y	Y	Y	string_concat	Y	N	N	OK
StringWords	String	words	1	Pure	Y	Y	Y	Y	Y	Y	string_words	Y	N	N	OK
StringLines	String	lines	1	Pure	Y	Y	Y	Y	Y	Y	string_lines	Y	N	N	OK
StringToList	String	toList	1	Pure	Y	Y	Y	Y	Y	Y	string_to_list	Y	N	N	OK
StringIsEmail	String	isEmail	1	Pure	Y	Y	Y	Y	Y	Y	string_is_email	Y	N	N	OK
StringIsUrl	String	isUrl	1	Pure	Y	Y	Y	Y	Y	Y	string_is_url	Y	N	N	OK
StringAppend	String	append	2	Pure	Y	Y	Y	Y	Y	Y	string_append	Y	N	N	OK
StringContains	String	contains	2	Pure	Y	Y	Y	Y	Y	Y	string_contains	Y	N	N	OK
StringStartsWith	String	startsWith	2	Pure	Y	Y	Y	Y	Y	Y	string_starts_with	Y	N	N	OK
StringEndsWith	String	endsWith	2	Pure	Y	Y	Y	Y	Y	Y	string_ends_with	Y	N	N	OK
StringEqualFold	String	equalFold	2	Pure	Y	Y	Y	Y	Y	Y	string_equal_fold	Y	N	N	OK
StringJoin	String	join	2	Pure	Y	Y	Y	Y	Y	Y	string_join	Y	N	N	OK
StringSplit	String	split	2	Pure	Y	Y	Y	Y	Y	Y	string_split	Y	N	N	OK
StringRepeat	String	repeat	2	Pure	Y	Y	Y	Y	Y	Y	string_repeat	Y	N	N	OK
StringDropLeft	String	dropLeft	2	Pure	Y	Y	Y	Y	Y	Y	string_drop_left	Y	N	N	OK
StringDropRight	String	dropRight	2	Pure	Y	Y	Y	Y	Y	Y	string_drop_right	Y	N	N	OK
StringReplace	String	replace	3	Pure	Y	Y	Y	Y	Y	Y	string_replace	Y	N	N	OK
StringSlice	String	slice	3	Pure	Y	Y	Y	Y	Y	Y	string_slice	Y	N	N	OK
StringPadLeft	String	padLeft	3	Pure	Y	Y	Y	Y	Y	Y	string_pad_left	Y	N	N	OK
StringPadRight	String	padRight	3	Pure	Y	Y	Y	Y	Y	Y	string_pad_right	Y	N	N	OK
StringContainsIn	String	containsIn	2	Pure	Y	Y	Y	Y	Y	Y	string_contains_in	Y	N	N	OK
StringStartsWithIn					Y	N	Y	Y	N	Y	string_starts_with_in	Y	N	N	OK
StringEndsWithIn	String	endsWithIn	2	Pure	Y	Y	Y	Y	Y	Y	string_ends_with_in	Y	N	N	OK
CharIsAlpha	Char	isAlpha	1	Pure	Y	Y	Y	Y	Y	Y	char_is_alpha	Y	N	N	OK
CharIsDigit	Char	isDigit	1	Pure	Y	Y	Y	Y	Y	Y	char_is_digit	Y	N	N	OK
CharIsLower	Char	isLower	1	Pure	Y	Y	Y	Y	Y	Y	char_is_lower	Y	N	N	OK
CharIsUpper	Char	isUpper	1	Pure	Y	Y	Y	Y	Y	Y	char_is_upper	Y	N	N	OK
CharToLower	Char	toLower	1	Pure	Y	Y	Y	Y	Y	Y	char_to_lower	Y	N	N	OK
CharToUpper	Char	toUpper	1	Pure	Y	Y	Y	Y	Y	Y	char_to_upper	Y	N	N	OK
CharToCode	Char	toCode	1	Pure	Y	Y	Y	Y	Y	Y	char_to_code	Y	N	N	OK
CharFromCode	Char	fromCode	1	Pure	Y	Y	Y	Y	Y	Y	char_from_code	Y	N	N	OK
ListMap	List	map	2	Pure	Y	Y	Y	N	Y	Y	list_map_consume	N	N	N	OK
ListFilter	List	filter	2	Pure	Y	Y	Y	N	Y	Y	list_filter	Y	N	N	OK
ListFoldl	List	foldl	3	Pure	Y	Y	Y	N	Y	Y	list_foldl	Y	N	N	OK
ListFoldr	List	foldr	3	Pure	Y	Y	Y	N	Y	Y	list_foldr	Y	N	N	OK
ListLength	List	length	1	Pure	Y	Y	Y	N	Y	Y	list_length	Y	N	N	OK
ListHead	List	head	1	Pure	Y	Y	Y	N	Y	Y	list_head	Y	N	N	OK
ListTail	List	tail	1	Pure	Y	Y	Y	N	Y	Y	list_tail	Y	N	N	OK
ListMember	List	member	2	Pure	Y	Y	Y	N	Y	Y	list_member	Y	N	N	OK
ListRange	List	range	2	Pure	Y	Y	Y	N	Y	Y	list_range	Y	N	N	OK
ListReverse	List	reverse	1	Pure	Y	Y	Y	N	Y	Y	list_reverse	Y	N	N	OK
ListAppend	List	append	2	Pure	Y	Y	Y	Y	Y	Y	list_append	Y	N	N	OK
ListConcat	List	concat	1	Pure	Y	Y	Y	Y	Y	Y	list_concat	Y	N	N	OK
ListTake	List	take	2	Pure	Y	Y	Y	Y	Y	Y	list_take	Y	N	N	OK
ListDrop	List	drop	2	Pure	Y	Y	Y	Y	Y	Y	list_drop	Y	N	N	OK
ListZip	List	zip	2	Pure	Y	Y	Y	Y	Y	Y	list_zip	Y	N	N	OK
ListCons	List	cons	2	Pure	Y	Y	Y	Y	Y	Y	sky_list_cons	Y	N	N	OK
ListIsEmpty	List	isEmpty	1	Pure	Y	Y	Y	Y	Y	Y	list_is_empty	Y	N	N	OK
ListConcatMap	List	concatMap	2	Pure	Y	Y	Y	Y	Y	Y	list_concat_map	Y	N	N	OK
ListIndexedMap	List	indexedMap	2	Pure	Y	Y	Y	Y	Y	Y	list_indexed_map	Y	N	N	OK
ListAny	List	any	2	Pure	Y	Y	Y	Y	Y	Y	list_any	Y	N	N	OK
ListAll	List	all	2	Pure	Y	Y	Y	Y	Y	Y	list_all	Y	N	N	OK
ListFind	List	find	2	Pure	Y	Y	Y	Y	Y	Y	list_find	Y	N	N	OK
ListFilterMap	List	filterMap	2	Pure	Y	Y	Y	Y	Y	Y	list_filter_map	Y	N	N	OK
ListSortBy	List	sortBy	2	Pure	Y	Y	Y	Y	Y	Y	list_sort_by	Y	N	N	OK
BasicsNot	Basics	not	1	Pure	Y	Y	Y	Y	Y	Y	basics_not	Y	N	N	OK
BasicsIdentity	Basics	identity	1	Pure	Y	Y	Y	Y	Y	Y	basics_identity	Y	N	N	OK
BasicsAlways	Basics	always	2	Pure	Y	Y	Y	Y	Y	Y	basics_always	Y	N	N	OK
BasicsFst	Basics	fst	1	Pure	Y	Y	Y	Y	Y	Y	basics_fst	Y	N	N	OK
BasicsSnd	Basics	snd	1	Pure	Y	Y	Y	Y	Y	Y	basics_snd	Y	N	N	OK
BasicsModBy	Basics	modBy	2	Pure	Y	Y	Y	Y	Y	Y	basics_mod_by	Y	N	N	OK
BasicsToString	Basics	toString	1	Pure	Y	Y	Y	Y	Y	Y	basics_to_string	Y	N	N	OK
BasicsClamp	Basics	clamp	3	Pure	Y	Y	Y	Y	Y	Y	basics_clamp	Y	N	N	OK
BasicsNegate	Basics	negate	1	Pure	Y	Y	Y	Y	Y	Y	basics_negate	Y	N	N	OK
BasicsAbs	Basics	abs	1	Pure	Y	Y	Y	Y	Y	Y	basics_abs	Y	N	N	OK
BasicsSqrt	Basics	sqrt	1	Pure	Y	Y	Y	Y	Y	Y	math_sqrt	Y	N	N	OK
BasicsMin	Basics	min	2	Pure	Y	Y	Y	Y	Y	Y	math_min	Y	N	N	OK
BasicsMax	Basics	max	2	Pure	Y	Y	Y	Y	Y	Y	math_max	Y	N	N	OK
BasicsCompare	Basics	compare	2	Pure	Y	Y	Y	Y	Y	Y	basics_compare	Y	N	N	OK
ErrorUnexpected	Error	unexpected	1	Pure	Y	Y	Y	Y	Y	Y	sky_error_unexpected	Y	N	N	OK
ErrorInvalidInput					Y	N	Y	Y	N	Y	sky_error_invalid_input	Y	N	N	OK
ErrorIo	Error	io	1	Pure	Y	Y	Y	Y	Y	Y	sky_error_io	Y	N	N	OK
ErrorNetwork	Error	network	1	Pure	Y	Y	Y	Y	Y	Y	sky_error_network	Y	N	N	OK
ErrorFfi	Error	ffi	1	Pure	Y	Y	Y	Y	Y	Y	sky_error_ffi	Y	N	N	OK
ErrorDecode	Error	decode	1	Pure	Y	Y	Y	Y	Y	Y	sky_error_decode	Y	N	N	OK
ErrorConflict	Error	conflict	1	Pure	Y	Y	Y	Y	Y	Y	sky_error_conflict	Y	N	N	OK
ErrorUnavailable	Error	unavailable	1	Pure	Y	Y	Y	Y	Y	Y	sky_error_unavailable	Y	N	N	OK
ErrorTimeout	Error	timeout	0	Pure	Y	Y	Y	Y	Y	Y	sky_error_timeout	Y	N	N	OK
ErrorNotFound	Error	notFound	0	Pure	Y	Y	Y	Y	Y	Y	sky_error_not_found	Y	N	N	OK
ErrorPermissionDenied					Y	N	Y	Y	N	Y	sky_error_permission_denied	Y	N	N	OK
ErrorToString	Error	toString	1	Pure	Y	Y	Y	Y	Y	Y	basics_error_to_string	Y	N	N	OK
ErrorWithMessage					Y	N	Y	Y	N	Y	sky_error_with_message	Y	N	N	OK
ErrorIsRetryable	Error	isRetryable	1	Pure	Y	Y	Y	Y	Y	Y	sky_error_is_retryable	Y	N	N	OK
ErrorWithDetails					Y	N	Y	Y	N	Y	sky_error_with_details	Y	N	N	OK
CssSafetySafeValue	CssSafety	safeValue	1	Pure	Y	Y	Y	Y	Y	Y	safe_value	Y	N	N	OK
CssSafetySafePropName					Y	N	Y	Y	N	Y	safe_prop_name	Y	N	N	OK
CssSafetySafeSelector					Y	N	Y	Y	N	Y	safe_selector	Y	N	N	OK
CssSafetyStripStyleClose					Y	N	Y	Y	N	Y	strip_style_close_kernel	Y	N	N	OK
MaybeWithDefault	Maybe	withDefault	2	Pure	Y	Y	Y	N	Y	Y	maybe_with_default	Y	N	N	OK
MaybeMap	Maybe	map	2	Pure	Y	Y	Y	N	Y	Y	sky_maybe_map	Y	N	N	OK
MaybeAndThen	Maybe	andThen	2	Pure	Y	Y	Y	N	Y	Y	sky_maybe_and_then	Y	N	N	OK
MaybeMap2	Maybe	map2	3	Pure	Y	Y	Y	Y	Y	Y	maybe_map2	Y	N	N	OK
MaybeMap3	Maybe	map3	4	Pure	Y	Y	Y	Y	Y	Y	maybe_map3	Y	N	N	OK
MaybeMap4	Maybe	map4	5	Pure	Y	Y	Y	Y	Y	Y	maybe_map4	Y	N	N	OK
MaybeMap5	Maybe	map5	6	Pure	Y	Y	Y	Y	Y	Y	maybe_map5	Y	N	N	OK
MaybeAndMap	Maybe	andMap	2	Pure	Y	Y	Y	Y	Y	Y	maybe_and_map	Y	N	N	OK
MaybeCombine	Maybe	combine	1	Pure	Y	Y	Y	Y	Y	Y	maybe_combine	Y	N	N	OK
ResultWithDefault	Result	withDefault	2	Pure	Y	Y	Y	N	Y	Y	result_with_default	Y	N	N	OK
ResultMap	Result	map	2	Pure	Y	Y	Y	N	Y	Y	sky_result_map	Y	N	N	OK
ResultAndThen	Result	andThen	2	Pure	Y	Y	Y	Y	Y	Y	sky_result_and_then	Y	N	N	OK
ResultMapError	Result	mapError	2	Pure	Y	Y	Y	Y	Y	Y	sky_result_map_error	Y	N	N	OK
ResultMap2	Result	map2	3	Pure	Y	Y	Y	Y	Y	Y	result_map2	Y	N	N	OK
ResultMap3	Result	map3	4	Pure	Y	Y	Y	Y	Y	Y	result_map3	Y	N	N	OK
ResultMap4	Result	map4	5	Pure	Y	Y	Y	Y	Y	Y	result_map4	Y	N	N	OK
ResultMap5	Result	map5	6	Pure	Y	Y	Y	Y	Y	Y	result_map5	Y	N	N	OK
ResultAndMap	Result	andMap	2	Pure	Y	Y	Y	Y	Y	Y	result_and_map	Y	N	N	OK
ResultCombine	Result	combine	1	Pure	Y	Y	Y	Y	Y	Y	result_combine	Y	N	N	OK
ResultTraverse	Result	traverse	2	Pure	Y	Y	Y	Y	Y	Y	result_traverse	Y	N	N	OK
ResultOkDefault	_internal_	okDefault	1	Pure	Y	Y	Y	Y	N	Y	ok_res	Y	N	N	OK
MathMin	Math	min	2	Pure	Y	Y	Y	N	Y	Y	math_min	Y	N	N	OK
MathMax	Math	max	2	Pure	Y	Y	Y	N	Y	Y	math_max	Y	N	N	OK
MathPi	Math	pi	0	Pure	Y	Y	Y	N	Y	Y	math_pi	Y	N	N	OK
MathE	Math	e	0	Pure	Y	Y	Y	N	Y	Y	math_e	Y	N	N	OK
MathPhi	Math	phi	0	Pure	Y	Y	Y	N	Y	Y	math_phi	Y	N	N	OK
MathSqrt2	Math	sqrt2	0	Pure	Y	Y	Y	N	Y	Y	math_sqrt2	Y	N	N	OK
MathInf	Math	inf	0	Pure	Y	Y	Y	N	Y	Y	math_inf	Y	N	N	OK
MathNan	Math	nan	0	Pure	Y	Y	Y	N	Y	Y	math_nan	Y	N	N	OK
MathIsNaN	Math	isNaN	1	Pure	Y	Y	Y	N	Y	Y	math_is_nan	Y	N	N	OK
MathAbs	Math	abs	1	Pure	Y	Y	Y	N	Y	Y	math_abs	Y	N	N	OK
MathSqrt	Math	sqrt	1	Pure	Y	Y	Y	N	Y	Y	math_sqrt	Y	N	N	OK
MathCbrt	Math	cbrt	1	Pure	Y	Y	Y	N	Y	Y	math_cbrt	Y	N	N	OK
MathExp	Math	exp	1	Pure	Y	Y	Y	N	Y	Y	math_exp	Y	N	N	OK
MathExp2	Math	exp2	1	Pure	Y	Y	Y	N	Y	Y	math_exp2	Y	N	N	OK
MathLog	Math	log	1	Pure	Y	Y	Y	N	Y	Y	math_log	Y	N	N	OK
MathLog2	Math	log2	1	Pure	Y	Y	Y	N	Y	Y	math_log2	Y	N	N	OK
MathLog10	Math	log10	1	Pure	Y	Y	Y	N	Y	Y	math_log10	Y	N	N	OK
MathSin	Math	sin	1	Pure	Y	Y	Y	N	Y	Y	math_sin	Y	N	N	OK
MathCos	Math	cos	1	Pure	Y	Y	Y	N	Y	Y	math_cos	Y	N	N	OK
MathTan	Math	tan	1	Pure	Y	Y	Y	N	Y	Y	math_tan	Y	N	N	OK
MathAsin	Math	asin	1	Pure	Y	Y	Y	N	Y	Y	math_asin	Y	N	N	OK
MathAcos	Math	acos	1	Pure	Y	Y	Y	N	Y	Y	math_acos	Y	N	N	OK
MathAtan	Math	atan	1	Pure	Y	Y	Y	N	Y	Y	math_atan	Y	N	N	OK
MathSinh	Math	sinh	1	Pure	Y	Y	Y	N	Y	Y	math_sinh	Y	N	N	OK
MathCosh	Math	cosh	1	Pure	Y	Y	Y	N	Y	Y	math_cosh	Y	N	N	OK
MathTanh	Math	tanh	1	Pure	Y	Y	Y	N	Y	Y	math_tanh	Y	N	N	OK
MathAsinh	Math	asinh	1	Pure	Y	Y	Y	N	Y	Y	math_asinh	Y	N	N	OK
MathAcosh	Math	acosh	1	Pure	Y	Y	Y	N	Y	Y	math_acosh	Y	N	N	OK
MathAtanh	Math	atanh	1	Pure	Y	Y	Y	N	Y	Y	math_atanh	Y	N	N	OK
MathFloor	Math	floor	1	Pure	Y	Y	Y	N	Y	Y	math_floor	Y	N	N	OK
MathCeil	Math	ceil	1	Pure	Y	Y	Y	N	Y	Y	math_ceil	Y	N	N	OK
MathRound	Math	round	1	Pure	Y	Y	Y	N	Y	Y	math_round	Y	N	N	OK
MathTrunc	Math	trunc	1	Pure	Y	Y	Y	N	Y	Y	math_trunc	Y	N	N	OK
MathPow	Math	pow	2	Pure	Y	Y	Y	N	Y	Y	math_pow	Y	N	N	OK
MathHypot	Math	hypot	2	Pure	Y	Y	Y	N	Y	Y	math_hypot	Y	N	N	OK
MathAtan2	Math	atan2	2	Pure	Y	Y	Y	N	Y	Y	math_atan2	Y	N	N	OK
MathMod	Math	mod	2	Pure	Y	Y	Y	N	Y	Y	math_mod	Y	N	N	OK
MathRemainder	Math	remainder	2	Pure	Y	Y	Y	N	Y	Y	math_remainder	Y	N	N	OK
DictEmpty	Dict	empty	0	Pure	Y	Y	Y	N	Y	Y	dict_empty	Y	N	N	OK
DictIsEmpty	Dict	isEmpty	1	Pure	Y	Y	Y	N	Y	Y	dict_is_empty	Y	N	N	OK
DictSize	Dict	size	1	Pure	Y	Y	Y	N	Y	Y	dict_size	Y	N	N	OK
DictKeys	Dict	keys	1	Pure	Y	Y	Y	N	Y	Y	dict_keys	Y	N	N	OK
DictValues	Dict	values	1	Pure	Y	Y	Y	N	Y	Y	dict_values	Y	N	N	OK
DictToList	Dict	toList	1	Pure	Y	Y	Y	N	Y	Y	dict_to_list	Y	N	N	OK
DictFromList	Dict	fromList	1	Pure	Y	Y	Y	N	Y	Y	dict_from_list	Y	N	N	OK
DictGet	Dict	get	2	Pure	Y	Y	Y	N	Y	Y	dict_get	Y	N	N	OK
DictMember	Dict	member	2	Pure	Y	Y	Y	N	Y	Y	dict_member	Y	N	N	OK
DictRemove	Dict	remove	2	Pure	Y	Y	Y	N	Y	Y	dict_remove	Y	N	N	OK
DictUnion	Dict	union	2	Pure	Y	Y	Y	N	Y	Y	dict_union	Y	N	N	OK
DictMap	Dict	map	2	Pure	Y	Y	Y	N	Y	Y	dict_map	Y	N	N	OK
DictInsert	Dict	insert	3	Pure	Y	Y	Y	N	Y	Y	dict_insert	Y	N	N	OK
DictFoldl	Dict	foldl	3	Pure	Y	Y	Y	N	Y	Y	dict_foldl	Y	N	N	OK
SetEmpty	Set	empty	0	Pure	Y	Y	Y	N	Y	Y	set_empty	Y	N	N	OK
SetSize	Set	size	1	Pure	Y	Y	Y	N	Y	Y	set_size	Y	N	N	OK
SetToList	Set	toList	1	Pure	Y	Y	Y	N	Y	Y	set_to_list	Y	N	N	OK
SetFromList	Set	fromList	1	Pure	Y	Y	Y	N	Y	Y	set_from_list	Y	N	N	OK
SetMember	Set	member	2	Pure	Y	Y	Y	N	Y	Y	set_member	Y	N	N	OK
SetInsert	Set	insert	2	Pure	Y	Y	Y	N	Y	Y	set_insert	Y	N	N	OK
SetRemove	Set	remove	2	Pure	Y	Y	Y	N	Y	Y	set_remove	Y	N	N	OK
SetUnion	Set	union	2	Pure	Y	Y	Y	N	Y	Y	set_union	Y	N	N	OK
SetIntersect	Set	intersect	2	Pure	Y	Y	Y	N	Y	Y	set_intersect	Y	N	N	OK
SetDiff	Set	diff	2	Pure	Y	Y	Y	N	Y	Y	set_diff	Y	N	N	OK
BytesEmpty	Bytes	empty	0	Pure	Y	Y	Y	N	Y	Y	bytes_empty	Y	N	N	OK
BytesLength	Bytes	length	1	Pure	Y	Y	Y	N	Y	Y	bytes_length	Y	N	N	OK
BytesIsEmpty	Bytes	isEmpty	1	Pure	Y	Y	Y	N	Y	Y	bytes_is_empty	Y	N	N	OK
BytesFromString	Bytes	fromString	1	Pure	Y	Y	Y	N	Y	Y	bytes_from_string	Y	N	N	OK
BytesToString	Bytes	toString	1	Pure	Y	Y	Y	N	Y	Y	bytes_to_string	Y	N	N	OK
BytesFromHex	Bytes	fromHex	1	Pure	Y	Y	Y	N	Y	Y	bytes_from_hex	Y	N	N	OK
BytesToHex	Bytes	toHex	1	Pure	Y	Y	Y	N	Y	Y	bytes_to_hex	Y	N	N	OK
BytesFromBase64	Bytes	fromBase64	1	Pure	Y	Y	Y	N	Y	Y	bytes_from_base64	Y	N	N	OK
BytesToBase64	Bytes	toBase64	1	Pure	Y	Y	Y	N	Y	Y	bytes_to_base64	Y	N	N	OK
BytesAppend	Bytes	append	2	Pure	Y	Y	Y	N	Y	Y	bytes_append	Y	N	N	OK
BytesSlice	Bytes	slice	3	Pure	Y	Y	Y	N	Y	Y	bytes_slice	Y	N	N	OK
EncodingBase64Encode	Encoding	base64Encode	1	Pure	Y	Y	Y	Y	Y	Y	base64_encode	Y	N	N	OK
EncodingBase64Decode					Y	N	Y	Y	N	Y	sky_base64_decode	Y	N	N	OK
EncodingUrlEncode	Encoding	urlEncode	1	Pure	Y	Y	Y	Y	Y	Y	url_encode	Y	N	N	OK
EncodingUrlDecode	Encoding	urlDecode	1	Pure	Y	Y	Y	Y	Y	Y	sky_url_decode	Y	N	N	OK
EncodingHexEncode	Encoding	hexEncode	1	Pure	Y	Y	Y	Y	Y	Y	encoding_hex_encode	Y	N	N	OK
EncodingHexDecode					Y	N	Y	Y	N	Y	sky_encoding_hex_decode	Y	N	N	OK
JsonEncString	JsonEnc	string	1	Pure	Y	Y	Y	Y	Y	Y	json_enc_string	Y	N	N	OK
JsonEncInt	JsonEnc	int	1	Pure	Y	Y	Y	Y	Y	Y	json_enc_int	Y	N	N	OK
JsonEncFloat	JsonEnc	float	1	Pure	Y	Y	Y	Y	Y	Y	json_enc_float	Y	N	N	OK
JsonEncBool	JsonEnc	bool	1	Pure	Y	Y	Y	Y	Y	Y	json_enc_bool	Y	N	N	OK
JsonEncNull	JsonEnc	null	0	Pure	Y	Y	Y	Y	Y	Y	json_enc_null	Y	N	N	OK
JsonEncList	JsonEnc	list	2	Pure	Y	Y	Y	Y	Y	Y	json_enc_list	Y	N	N	OK
JsonEncObject	JsonEnc	object	1	Pure	Y	Y	Y	Y	Y	Y	json_enc_object	Y	N	N	OK
JsonEncEncode	JsonEnc	encode	2	Pure	Y	Y	Y	Y	Y	Y	json_enc_encode	Y	N	N	OK
JsonDecString	JsonDec	string	0	Pure	Y	Y	Y	Y	Y	Y	json_decode_string	Y	N	N	OK
JsonDecInt	JsonDec	int	0	Pure	Y	Y	Y	Y	Y	Y	json_decode_int	Y	N	N	OK
JsonDecFloat	JsonDec	float	0	Pure	Y	Y	Y	Y	Y	Y	json_decode_float	Y	N	N	OK
JsonDecBool	JsonDec	bool	0	Pure	Y	Y	Y	Y	Y	Y	json_decode_bool	Y	N	N	OK
JsonDecDecodeString					Y	N	Y	Y	N	Y	decode_from_json_string	Y	N	N	OK
JsonDecField	JsonDec	field	2	Pure	Y	Y	Y	Y	Y	Y	decode_field	Y	N	N	OK
JsonDecAt	JsonDec	at	2	Pure	Y	Y	Y	Y	Y	Y	decode_at	Y	N	N	OK
JsonDecIndex	JsonDec	index	2	Pure	Y	Y	Y	Y	Y	Y	decode_index	Y	N	N	OK
JsonDecList	JsonDec	list	1	Pure	Y	Y	Y	Y	Y	Y	decode_list	Y	N	N	OK
JsonDecMap	JsonDec	map	2	Pure	Y	Y	Y	Y	Y	Y	decode_map	Y	N	N	OK
JsonDecAndThen	JsonDec	andThen	2	Pure	Y	Y	Y	Y	Y	Y	decode_and_then	Y	N	N	OK
JsonDecSucceed	JsonDec	succeed	1	Pure	Y	Y	Y	Y	Y	Y	decode_succeed	Y	N	N	OK
JsonDecFail	JsonDec	fail	1	Pure	Y	Y	Y	Y	Y	Y	decode_fail	Y	N	N	OK
JsonDecOneOf	JsonDec	oneOf	1	Pure	Y	Y	Y	Y	Y	Y	decode_one_of	Y	N	N	OK
JsonDecMap2	JsonDec	map2	3	Pure	Y	Y	Y	Y	Y	Y	decode_map2	Y	N	N	OK
JsonDecMap3	JsonDec	map3	4	Pure	Y	Y	Y	Y	Y	Y	decode_map3	Y	N	N	OK
JsonDecMap4	JsonDec	map4	5	Pure	Y	Y	Y	Y	Y	Y	decode_map4	Y	N	N	OK
JsonDecPRequired					Y	N	Y	Y	N	Y	decode_pipeline_required	Y	N	N	OK
JsonDecPOptional					Y	N	Y	Y	N	Y	decode_pipeline_optional	Y	N	N	OK
JsonDecPCustom	JsonDecP	custom	2	Pure	Y	Y	Y	Y	Y	Y	decode_pipeline_custom	Y	N	N	OK
JsonDecPRequiredAt					Y	N	Y	Y	N	Y	decode_pipeline_required_at	Y	N	N	OK
CryptoSha256	Crypto	sha256	1	Pure	Y	Y	Y	Y	Y	Y	crypto_sha256	Y	N	N	OK
CryptoSha512	Crypto	sha512	1	Pure	Y	Y	Y	Y	Y	Y	crypto_sha512	Y	N	N	OK
CryptoSha1	Crypto	sha1	1	Pure	Y	Y	Y	Y	Y	Y	crypto_sha1	Y	N	N	OK
CryptoMd5	Crypto	md5	1	Pure	Y	Y	Y	Y	Y	Y	crypto_md5	Y	N	N	OK
CryptoHmacSha256	Crypto	hmacSha256	2	Pure	Y	Y	Y	Y	Y	Y	crypto_hmac_sha256	Y	N	N	OK
CryptoHmacSha512	Crypto	hmacSha512	2	Pure	Y	Y	Y	Y	Y	Y	crypto_hmac_sha512	Y	N	N	OK
CryptoRsaSha256Sign					Y	N	Y	Y	N	Y	sky_crypto_rsa_sha256_sign	Y	N	N	OK
CryptoRsaSha256Verify					Y	N	Y	Y	N	Y	crypto_rsa_sha256_verify	Y	N	N	OK
CryptoConstantTimeEqual					Y	N	Y	Y	N	Y	crypto_constant_time_equal	Y	N	N	OK
CryptoAesGcmEncrypt					Y	N	Y	Y	N	Y	sky_aes_gcm_encrypt	Y	N	N	OK
CryptoAesGcmDecrypt					Y	N	Y	Y	N	Y	sky_aes_gcm_decrypt	Y	N	N	OK
CryptoChacha20Encrypt					Y	N	Y	Y	N	Y	sky_chacha20_encrypt	Y	N	N	OK
CryptoChacha20Decrypt					Y	N	Y	Y	N	Y	sky_chacha20_decrypt	Y	N	N	OK
CryptoAesKeyFromPassword					Y	N	Y	Y	N	Y	crypto_aes_key_from_password	Y	N	N	OK
CryptoChachaKeyFromPassword					Y	N	Y	Y	N	Y	crypto_chacha_key_from_password	Y	N	N	OK
CryptoRandomBytes	Crypto	randomBytes	1	Pure	Y	Y	Y	Y	Y	Y	crypto_random_bytes	Y	N	N	OK
CryptoRandomToken	Crypto	randomToken	1	Pure	Y	Y	Y	Y	Y	Y	crypto_random_token	Y	N	N	OK
UuidV4	Uuid	v4	1	Pure	Y	Y	Y	Y	Y	Y	uuid_v4	Y	N	N	OK
UuidV7	Uuid	v7	1	Pure	Y	Y	Y	Y	Y	Y	uuid_v7	Y	N	N	OK
UuidParse	Uuid	parse	1	Pure	Y	Y	Y	Y	Y	Y	uuid_parse	Y	N	N	OK
JwtEncodeHs256	Jwt	encodeHs256	2	Pure	Y	Y	Y	Y	Y	Y	sky_jwt_encode_hs256	Y	N	N	OK
JwtDecodeHs256	Jwt	decodeHs256	2	Pure	Y	Y	Y	Y	Y	Y	sky_jwt_decode_hs256	Y	N	N	OK
JwtEncodeRs256	Jwt	encodeRs256	2	Pure	Y	Y	Y	Y	Y	Y	sky_jwt_encode_rs256	Y	N	N	OK
JwtDecodeRs256	Jwt	decodeRs256	2	Pure	Y	Y	Y	Y	Y	Y	sky_jwt_decode_rs256	Y	N	N	OK
JwtClaims	Jwt	claims	0	Pure	Y	Y	Y	Y	Y	Y	sky_jwt_claims	Y	N	N	OK
JwtHs256	Jwt	hs256	1	Pure	Y	Y	Y	Y	Y	Y	sky_jwt_hs256	Y	N	N	OK
JwtRs256	Jwt	rs256	1	Pure	Y	Y	Y	Y	Y	Y	sky_jwt_rs256	Y	N	N	OK
JwtSubject	Jwt	subject	2	Pure	Y	Y	Y	Y	Y	Y	sky_jwt_subject	Y	N	N	OK
JwtIssuer	Jwt	issuer	2	Pure	Y	Y	Y	Y	Y	Y	sky_jwt_issuer	Y	N	N	OK
JwtAudience	Jwt	audience	2	Pure	Y	Y	Y	Y	Y	Y	sky_jwt_audience	Y	N	N	OK
JwtExpiresAt	Jwt	expiresAt	2	Pure	Y	Y	Y	Y	Y	Y	sky_jwt_expires_at	Y	N	N	OK
JwtNotBefore	Jwt	notBefore	2	Pure	Y	Y	Y	Y	Y	Y	sky_jwt_not_before	Y	N	N	OK
JwtIssuedAt	Jwt	issuedAt	2	Pure	Y	Y	Y	Y	Y	Y	sky_jwt_issued_at	Y	N	N	OK
JwtJwtId	Jwt	jwtId	2	Pure	Y	Y	Y	Y	Y	Y	sky_jwt_jwt_id	Y	N	N	OK
JwtWithClaim	Jwt	withClaim	3	Pure	Y	Y	Y	Y	Y	Y	sky_jwt_with_claim	Y	N	N	OK
JwtEncode	Jwt	encode	2	Pure	Y	Y	Y	Y	Y	Y	sky_jwt_encode	Y	N	N	OK
JwtDecode	Jwt	decode	3	Pure	Y	Y	Y	Y	Y	Y	sky_jwt_decode	Y	N	N	OK
TaskSucceed	Task	succeed	1	Pure	Y	Y	Y	N	Y	Y	task_succeed	Y	N	N	OK
TaskFail	Task	fail	1	Pure	Y	Y	Y	N	Y	Y	task_fail	Y	N	N	OK
TaskMap	Task	map	2	Pure	Y	Y	Y	N	Y	Y	task_map	Y	N	N	OK
TaskAndThen	Task	andThen	2	Pure	Y	Y	Y	N	Y	Y	task_and_then	Y	N	N	OK
TaskMapError	Task	mapError	2	Pure	Y	Y	Y	N	Y	Y	task_map_error	Y	N	N	OK
TaskOnError	Task	onError	2	Pure	Y	Y	Y	N	Y	Y	task_on_error	Y	N	N	OK
TaskFromResult	Task	fromResult	1	Pure	Y	Y	Y	N	Y	Y	task_from_result	Y	N	N	OK
TaskAndThenResult	Task	andThenResult	2	Pure	Y	Y	Y	N	Y	Y	task_and_then_result	Y	N	N	OK
TaskSequence	Task	sequence	1	Pure	Y	Y	Y	N	Y	Y	task_sequence	Y	N	N	OK
TaskParallel	Task	parallel	1	Pure	Y	Y	Y	N	Y	Y	task_parallel	Y	N	N	OK
TaskRun	Task	run	1	Pure	Y	Y	Y	N	Y	Y	task_run	Y	N	N	OK
TaskPerform	Task	perform	1	Pure	Y	Y	Y	N	Y	Y	task_run	Y	N	N	OK
TaskLazy	Task	lazy	1	Pure	Y	Y	Y	N	Y	Y	task_lazy	Y	N	N	OK
TaskRetryWith	Task	retryWith	2	Pure	Y	Y	Y	N	Y	Y	task_retry_with	Y	N	N	OK
TaskLinearBackoff	Task	linearBackoff	2	Pure	Y	Y	Y	N	Y	Y	task_linear_backoff	N	N	N	OK
TaskExponentialBackoff					Y	N	Y	N	N	Y	task_exponential_backoff	N	N	N	OK
TaskWithJitter	Task	withJitter	1	Pure	Y	Y	Y	N	Y	Y	task_with_jitter	N	N	N	OK
TaskRetryOn	Task	retryOn	2	Pure	Y	Y	Y	N	Y	Y	task_retry_on	N	N	N	OK
TaskWithRetryOn	Task	withRetryOn	2	Pure	Y	Y	Y	N	Y	Y	task_with_retry_on	N	N	N	OK
TaskDefaultRetryPolicy					Y	N	Y	N	N	Y	task_default_retry_policy	N	N	N	OK
TaskWithMaxAttempts					Y	N	Y	N	N	Y	task_with_max_attempts	N	N	N	OK
TaskWithBaseMs	Task	withBaseMs	2	Pure	Y	Y	Y	N	Y	Y	task_with_base_ms	N	N	N	OK
TaskWithKind	Task	withKind	2	Pure	Y	Y	Y	N	Y	Y	task_with_kind	N	N	N	OK
IoReadLine	Io	readLine	1	Pure	Y	Y	Y	N	Y	Y	io_read_line	Y	N	N	OK
IoWriteStdout	Io	writeStdout	1	Pure	Y	Y	Y	N	Y	Y	io_write_stdout	Y	N	N	OK
IoWriteStderr	Io	writeStderr	1	Pure	Y	Y	Y	N	Y	Y	io_write_stderr	Y	N	N	OK
TimeNow	Time	now	1	Pure	Y	Y	Y	N	Y	Y	time_now	Y	N	N	OK
TimeSleep	Time	sleep	1	Pure	Y	Y	Y	N	Y	Y	time_sleep	Y	N	N	OK
TimeUnixMillis	Time	unixMillis	1	Pure	Y	Y	Y	N	Y	Y	time_unix_millis	Y	N	N	OK
TimeTimeString	Time	timeString	1	Pure	Y	Y	Y	N	Y	Y	time_time_string	Y	N	N	OK
TimeIsLeapYear	Time	isLeapYear	1	Pure	Y	Y	Y	N	Y	Y	time_is_leap_year	Y	N	N	OK
TimeDaysInMonth	Time	daysInMonth	2	Pure	Y	Y	Y	N	Y	Y	time_days_in_month	Y	N	N	OK
SystemArgs	System	args	1	Pure	Y	Y	Y	N	Y	Y	system_args	Y	N	N	OK
SystemGetenv	System	getenv	1	Pure	Y	Y	Y	N	Y	Y	system_getenv	Y	N	N	OK
SystemGetenvOr	System	getenvOr	2	Pure	Y	Y	Y	N	Y	Y	system_getenv_or	Y	N	N	OK
SystemGetArg	System	getArg	1	Pure	Y	Y	Y	N	Y	Y	system_get_arg	Y	N	N	OK
SystemGetenvInt	System	getenvInt	1	Pure	Y	Y	Y	N	Y	Y	system_getenv_int	Y	N	N	OK
SystemGetenvBool	System	getenvBool	1	Pure	Y	Y	Y	N	Y	Y	system_getenv_bool	Y	N	N	OK
SystemSetenv	System	setenv	2	Pure	Y	Y	Y	N	Y	Y	system_setenv	Y	N	N	OK
SystemUnsetenv	System	unsetenv	1	Pure	Y	Y	Y	N	Y	Y	system_unsetenv	Y	N	N	OK
SystemCwd	System	cwd	1	Pure	Y	Y	Y	N	Y	Y	system_cwd	Y	N	N	OK
SystemLoadEnv	System	loadEnv	1	Pure	Y	Y	Y	N	Y	Y	system_load_env	Y	N	N	OK
SystemExit	System	exit	1	Pure	Y	Y	Y	N	Y	Y	system_exit	Y	N	N	OK
RandomInt	Random	int	2	Pure	Y	Y	Y	N	Y	Y	random_int	Y	N	N	OK
RandomFloat	Random	float	2	Pure	Y	Y	Y	N	Y	Y	random_float	Y	N	N	OK
RandomChoice	Random	choice	1	Pure	Y	Y	Y	N	Y	Y	random_choice	Y	N	N	OK
FileReadFile	File	readFile	1	Pure	Y	Y	Y	N	Y	Y	file_read_file	Y	N	N	OK
FileWriteFile	File	writeFile	2	Pure	Y	Y	Y	N	Y	Y	file_write_file	Y	N	N	OK
FileExists	File	exists	1	Pure	Y	Y	Y	N	Y	Y	file_exists	Y	N	N	OK
FileRemove	File	remove	1	Pure	Y	Y	Y	N	Y	Y	file_remove	Y	N	N	OK
FileMkdirAll	File	mkdirAll	1	Pure	Y	Y	Y	N	Y	Y	file_mkdir_all	Y	N	N	OK
FileReadFileLimit	File	readFileLimit	2	Pure	Y	Y	Y	N	Y	Y	file_read_file_limit	Y	N	N	OK
FileReadFileBytes	File	readFileBytes	1	Pure	Y	Y	Y	N	Y	Y	file_read_file_bytes	Y	N	N	OK
FileAppend	File	append	2	Pure	Y	Y	Y	N	Y	Y	file_append	Y	N	N	OK
FileReadDir	File	readDir	1	Pure	Y	Y	Y	N	Y	Y	file_read_dir	Y	N	N	OK
FileIsDir	File	isDir	1	Pure	Y	Y	Y	N	Y	Y	file_is_dir	Y	N	N	OK
FileTempFile	File	tempFile	1	Pure	Y	Y	Y	N	Y	Y	file_temp_file	Y	N	N	OK
FileTempDir	File	tempDir	1	Pure	Y	Y	Y	N	Y	Y	file_temp_dir	Y	N	N	OK
FileCopy	File	copy	2	Pure	Y	Y	Y	N	Y	Y	file_copy	Y	N	N	OK
FileRename	File	rename	2	Pure	Y	Y	Y	N	Y	Y	file_rename	Y	N	N	OK
FileDelete	File	delete	1	Pure	Y	Y	Y	N	Y	Y	file_delete	Y	N	N	OK
HttpGet	Http	get	1	Pure	Y	Y	Y	N	Y	Y	http_get	Y	N	N	OK
HttpPost	Http	post	2	Pure	Y	Y	Y	N	Y	Y	http_post	Y	N	N	OK
HttpRequest	Http	request	1	Pure	Y	Y	Y	N	Y	Y	http_request	Y	N	N	OK
HttpParseQuery	Http	parseQuery	1	Pure	Y	Y	Y	N	Y	Y	http_parse_query	Y	N	N	OK
HttpDefaultRequest					Y	N	Y	N	N	Y	http_default_request	N	N	N	OK
HttpWithMethod	Http	withMethod	2	Pure	Y	Y	Y	N	Y	Y	http_with_method	N	N	N	OK
HttpWithTimeout	Http	withTimeout	2	Pure	Y	Y	Y	N	Y	Y	http_with_timeout	N	N	N	OK
HttpWithBody	Http	withBody	2	Pure	Y	Y	Y	N	Y	Y	http_with_body	N	N	N	OK
HttpWithHeader	Http	withHeader	3	Pure	Y	Y	Y	N	Y	Y	http_with_header	N	N	N	OK
HttpWithUrl	Http	withUrl	2	Pure	Y	Y	Y	N	Y	Y	http_with_url	N	N	N	OK
HttpWithFollowRedirects					Y	N	Y	N	N	Y	http_with_follow_redirects	N	N	N	OK
HttpWithMaxRedirects					Y	N	Y	N	N	Y	http_with_max_redirects	N	N	N	OK
DbConnect	Db	connect	1	Db	Y	Y	Y	N	Y	Y	db_connect	Y	N	N	OK
DbOpen	Db	open	2	Db	Y	Y	Y	N	Y	Y	db_open	Y	N	N	OK
DbClose	Db	close	1	Db	Y	Y	Y	N	Y	Y	db_close	Y	N	N	OK
DbExecRaw	Db	execRaw	2	Db	Y	Y	Y	N	Y	Y	db_exec_raw	Y	N	N	OK
DbExec	Db	exec	3	Db	Y	Y	Y	N	Y	Y	db_exec_params	Y	N	N	OK
DbQuery	Db	query	3	Db	Y	Y	Y	N	Y	Y	db_query_params	Y	N	N	OK
DbQueryDecode	Db	queryDecode	4	Db	Y	Y	Y	N	Y	Y	db_query_decode_params	Y	N	N	OK
DbGetString	Db	getString	2	Db	Y	Y	Y	N	Y	Y	db_get_string	Y	N	N	OK
DbGetInt	Db	getInt	2	Db	Y	Y	Y	N	Y	Y	db_get_int	Y	N	N	OK
DbGetBool	Db	getBool	2	Db	Y	Y	Y	N	Y	Y	db_get_bool	Y	N	N	OK
DbGetField	Db	getField	2	Db	Y	Y	Y	N	Y	Y	db_get_field	Y	N	N	OK
DbInsertRow	Db	insertRow	3	Db	Y	Y	Y	N	Y	Y	db_insert_row	Y	N	N	OK
DbGetById	Db	getById	3	Db	Y	Y	Y	N	Y	Y	db_get_by_id	Y	N	N	OK
DbUpdateById	Db	updateById	4	Db	Y	Y	Y	N	Y	Y	db_update_by_id	Y	N	N	OK
DbDeleteById	Db	deleteById	3	Db	Y	Y	Y	N	Y	Y	db_delete_by_id	Y	N	N	OK
DbFindOneByField	Db	findOneByField	4	Db	Y	Y	Y	N	Y	Y	db_find_one_by_field	Y	N	N	OK
DbFindManyByField	Db	findManyByField	4	Db	Y	Y	Y	N	Y	Y	db_find_many_by_field	Y	N	N	OK
DbFindByConditions	Db	findByConditions	3	Db	Y	Y	Y	N	Y	Y	db_find_by_conditions	Y	N	N	OK
DbInsertFields	Db	insertFields	3	Db	Y	Y	Y	N	Y	Y	db_insert_fields	Y	N	N	OK
DbUpdateFields	Db	updateFields	4	Db	Y	Y	Y	N	Y	Y	db_update_fields	Y	N	N	OK
DbInsertFieldsReturning					Y	N	Y	N	N	Y	db_insert_fields_returning	Y	N	N	OK
DbWithTransaction	Db	withTransaction	2	Db	Y	Y	Y	N	Y	Y	db_with_transaction	Y	N	N	OK
DbMigrate	Db	migrate	2	Db	Y	Y	Y	N	Y	Y	db_migrate_apply	Y	N	N	OK
DbDecString	Db.Decode	string	1	Db	Y	Y	Y	N	Y	Y	db_decode_string	Y	N	N	OK
DbDecInt	Db.Decode	int	1	Db	Y	Y	Y	N	Y	Y	db_decode_int	Y	N	N	OK
DbDecFloat	Db.Decode	float	1	Db	Y	Y	Y	N	Y	Y	db_decode_float	Y	N	N	OK
DbDecBool	Db.Decode	bool	1	Db	Y	Y	Y	N	Y	Y	db_decode_bool	Y	N	N	OK
DbDecNullable	Db.Decode	nullable	1	Db	Y	Y	Y	N	Y	Y	db_decode_nullable	Y	N	N	OK
DbDecMap	Db.Decode	map	2	Db	Y	Y	Y	N	Y	Y	decode_map	Y	N	N	OK
DbDecAndThen	Db.Decode	andThen	2	Db	Y	Y	Y	N	Y	Y	decode_and_then	Y	N	N	OK
DbDecSucceed	Db.Decode	succeed	1	Db	Y	Y	Y	N	Y	Y	decode_succeed	Y	N	N	OK
DbDecFail	Db.Decode	fail	1	Db	Y	Y	Y	N	Y	Y	decode_fail	Y	N	N	OK
DbDecMap2	Db.Decode	map2	3	Db	Y	Y	Y	N	Y	Y	decode_map2	Y	N	N	OK
DbDecMap3	Db.Decode	map3	4	Db	Y	Y	Y	N	Y	Y	decode_map3	Y	N	N	OK
DbDecMap4	Db.Decode	map4	5	Db	Y	Y	Y	N	Y	Y	decode_map4	Y	N	N	OK
DbDecRequired	Db.Decode	required	3	Db	Y	Y	Y	N	Y	Y	db_decode_required	Y	N	N	OK
DbDecOptional	Db.Decode	optional	4	Db	Y	Y	Y	N	Y	Y	db_decode_optional	Y	N	N	OK
DbDecMoney	Db.Decode	money	1	Db	Y	Y	Y	Y	Y	Y	db_decode_money	Y	N	N	OK
CmdNone	Cmd	none	0	Tea	Y	Y	Y	N	Y	Y	cmd_none	Y	N	N	OK
CmdBatch	Cmd	batch	1	Tea	Y	Y	Y	N	Y	Y	cmd_batch	Y	N	N	OK
CmdPerform	Cmd	perform	2	Tea	Y	Y	Y	N	Y	Y	cmd_perform	Y	N	N	OK
SubNone	Sub	none	0	Tea	Y	Y	Y	N	Y	Y	sub_none	Y	N	N	OK
SubBatch	Sub	batch	1	Tea	Y	Y	Y	N	Y	Y	sub_batch	Y	N	N	OK
SubEvery	Sub	every	2	Tea	Y	Y	Y	N	Y	Y	sub_every	Y	N	N	OK
TimeEvery	Time	every	2	Tea	Y	Y	Y	N	Y	Y	time_every	Y	N	N	OK
CmdPublish	Cmd	publish	2	Tea	Y	Y	Y	Y	Y	Y	cmd_publish	Y	N	N	OK
CmdPublishNoEcho	Cmd	publishNoEcho	2	Tea	Y	Y	Y	Y	Y	Y	cmd_publish_no_echo	Y	N	N	OK
SubSubscribeTopic	Sub	subscribeTopic	2	Tea	Y	Y	Y	N	Y	Y	sub_subscribe_topic	Y	N	N	OK
PubSubPublish	PubSub	publish	2	Tea	Y	Y	Y	Y	N	Y	pubsub_publish	Y	N	N	OK
PubSubPublishNoEcho					Y	N	Y	Y	N	Y	pubsub_publish_no_echo	Y	N	N	OK
ServerGet	Server	get	2	Server	Y	Y	Y	N	Y	Y	server_get	Y	N	N	OK
ServerPost	Server	post	2	Server	Y	Y	Y	N	Y	Y	server_post	Y	N	N	OK
ServerPut	Server	put	2	Server	Y	Y	Y	N	Y	Y	server_put	Y	N	N	OK
ServerDelete	Server	delete	2	Server	Y	Y	Y	N	Y	Y	server_delete	Y	N	N	OK
ServerAny	Server	any	2	Server	Y	Y	Y	N	Y	Y	server_any	Y	N	N	OK
ServerApi	Server	api	2	Server	Y	Y	Y	N	Y	Y	server_api	Y	N	N	OK
ServerStatic	Server	static	2	Server	Y	Y	Y	N	Y	Y	server_static	Y	N	N	OK
ServerListen	Server	listen	2	Server	Y	Y	Y	N	Y	Y	server_listen	Y	N	N	OK
ServerText	Server	text	1	Server	Y	Y	Y	N	Y	Y	server_text	Y	N	N	OK
ServerJson	Server	json	1	Server	Y	Y	Y	N	Y	Y	server_json	Y	N	N	OK
ServerHtml	Server	html	1	Server	Y	Y	Y	N	Y	Y	server_html	Y	N	N	OK
ServerWithStatus	Server	withStatus	2	Server	Y	Y	Y	N	Y	Y	server_with_status	Y	N	N	OK
ServerWithHeader	Server	withHeader	3	Server	Y	Y	Y	N	Y	Y	server_with_header	Y	N	N	OK
ServerRedirect	Server	redirect	1	Server	Y	Y	Y	N	Y	Y	server_redirect	Y	N	N	OK
ServerParam	Server	param	2	Server	Y	Y	Y	N	Y	Y	server_param	Y	N	N	OK
ServerQueryParam	Server	queryParam	2	Server	Y	Y	Y	N	Y	Y	server_query_param	Y	N	N	OK
ServerHeader	Server	header	2	Server	Y	Y	Y	N	Y	Y	server_header	Y	N	N	OK
ServerGetCookie	Server	getCookie	2	Server	Y	Y	Y	N	Y	Y	server_get_cookie	Y	N	N	OK
ServerBody	Server	body	1	Server	Y	Y	Y	N	Y	Y	server_body	Y	N	N	OK
ServerPath	Server	path	1	Server	Y	Y	Y	N	Y	Y	server_path	Y	N	N	OK
ServerMethod	Server	method	1	Server	Y	Y	Y	N	Y	Y	server_method	Y	N	N	OK
ServerCookieNew	Server	cookie	2	Server	Y	Y	Y	N	Y	Y	server_cookie	Y	N	N	OK
ServerWithCookie	Server	withCookie	2	Server	Y	Y	Y	N	Y	Y	server_with_cookie	Y	N	N	OK
MiddlewareWithCors					Y	N	Y	N	N	Y	middleware_with_cors	Y	N	N	OK
MiddlewareWithLogging					Y	N	Y	N	N	Y	middleware_with_logging	Y	N	N	OK
MiddlewareWithBasicAuth					Y	N	Y	N	N	Y	middleware_with_basic_auth	Y	N	N	OK
MiddlewareWithRateLimit					Y	N	Y	N	N	Y	middleware_with_rate_limit	Y	N	N	OK
MiddlewareWithCsrf					Y	N	Y	N	N	Y	middleware_with_csrf	Y	N	N	OK
RateLimitAllow	RateLimit	allow	4	Server	Y	Y	Y	N	Y	Y	rate_limit_allow	Y	N	N	OK
UiLayout	Ui	layout	2	Ui	Y	Y	Y	N	Y	Y	ui_layout	Y	N	N	OK
UiLayoutWith	Ui	layoutWith	2	Ui	Y	Y	Y	N	Y	Y	ui_layout_with	N	N	N	OK
HtmlRender	Html	render	1	Ui	Y	Y	Y	Y	Y	Y	html_render_	Y	N	N	OK
HtmlEscapeText	Html	escapeHtml	1	Ui	Y	Y	Y	Y	Y	Y	html_escape_text_	Y	N	N	OK
HtmlEscapeAttr	Html	escapeAttr	1	Ui	Y	Y	Y	Y	Y	Y	html_escape_attr_	Y	N	N	OK
HtmlAttrToString	Html	attrToString	1	Ui	Y	Y	Y	Y	Y	Y	html_attr_to_string_	Y	N	N	OK
UiNone	Ui	none	0	Ui	Y	Y	Y	Y	Y	Y	ui_none_	Y	N	N	OK
UiText	Ui	text	1	Ui	Y	Y	Y	Y	Y	Y	ui_text_	Y	N	N	OK
UiHtml	Ui	html	1	Ui	Y	Y	Y	Y	Y	Y	ui_html_	Y	N	N	OK
UiEl	Ui	el	2	Ui	Y	Y	Y	N	Y	Y	ui_el_	Y	N	N	OK
UiRow	Ui	row	2	Ui	Y	Y	Y	N	Y	Y	ui_row_	Y	N	N	OK
UiColumn	Ui	column	2	Ui	Y	Y	Y	N	Y	Y	ui_column_	Y	N	N	OK
UiWrappedRow	Ui	wrappedRow	2	Ui	Y	Y	Y	N	Y	Y	ui_wrapped_row_	Y	N	N	OK
UiGrid	Ui	grid	2	Ui	Y	Y	Y	N	Y	Y	ui_grid_	Y	N	N	OK
UiParagraph	Ui	paragraph	2	Ui	Y	Y	Y	N	Y	Y	ui_paragraph_	Y	N	N	OK
UiTextColumn	Ui	textColumn	2	Ui	Y	Y	Y	N	Y	Y	ui_text_column_	Y	N	N	OK
UiButton	Ui	button	2	Ui	Y	Y	Y	N	Y	Y	ui_button_	Y	N	N	OK
UiLink	Ui	link	2	Ui	Y	Y	Y	Y	Y	Y	ui_link_	Y	N	N	OK
UiForm	Ui	form	2	Ui	Y	Y	Y	N	Y	Y	ui_form_	Y	N	N	OK
UiImage	Ui	image	2	Ui	Y	Y	Y	Y	Y	Y	ui_image_	Y	N	N	OK
UiAbove	Ui	above	1	Ui	Y	Y	Y	N	Y	Y	ui_above_	Y	N	N	OK
UiBelow	Ui	below	1	Ui	Y	Y	Y	N	Y	Y	ui_below_	Y	N	N	OK
UiOnLeft	Ui	onLeft	1	Ui	Y	Y	Y	N	Y	Y	ui_on_left_	Y	N	N	OK
UiOnRight	Ui	onRight	1	Ui	Y	Y	Y	N	Y	Y	ui_on_right_	Y	N	N	OK
UiInFront	Ui	inFront	1	Ui	Y	Y	Y	N	Y	Y	ui_in_front_	Y	N	N	OK
UiBehind	Ui	behind	1	Ui	Y	Y	Y	N	Y	Y	ui_behind_	Y	N	N	OK
UiSpacing	Ui	spacing	1	Ui	Y	Y	Y	Y	Y	Y	ui_spacing_	Y	N	N	OK
UiPadding	Ui	padding	1	Ui	Y	Y	Y	Y	Y	Y	ui_padding_	Y	N	N	OK
UiPaddingXY	Ui	paddingXY	2	Ui	Y	Y	Y	Y	Y	Y	ui_padding_xy_	Y	N	N	OK
UiPaddingEach	Ui	paddingEach	1	Ui	Y	Y	Y	Y	Y	Y	ui_padding_each_	Y	N	N	OK
UiWidth	Ui	width	1	Ui	Y	Y	Y	Y	Y	Y	ui_width_	Y	N	N	OK
UiHeight	Ui	height	1	Ui	Y	Y	Y	Y	Y	Y	ui_height_	Y	N	N	OK
UiCenterX	Ui	centerX	0	Ui	Y	Y	Y	Y	Y	Y	ui_center_x_	Y	N	N	OK
UiCenterY	Ui	centerY	0	Ui	Y	Y	Y	Y	Y	Y	ui_center_y_	Y	N	N	OK
UiAlignLeft	Ui	alignLeft	0	Ui	Y	Y	Y	Y	Y	Y	ui_align_left_	Y	N	N	OK
UiAlignRight	Ui	alignRight	0	Ui	Y	Y	Y	Y	Y	Y	ui_align_right_	Y	N	N	OK
UiAlignTop	Ui	alignTop	0	Ui	Y	Y	Y	Y	Y	Y	ui_align_top_	Y	N	N	OK
UiAlignBottom	Ui	alignBottom	0	Ui	Y	Y	Y	Y	Y	Y	ui_align_bottom_	Y	N	N	OK
UiPointer	Ui	pointer	0	Ui	Y	Y	Y	Y	Y	Y	ui_pointer_	Y	N	N	OK
UiClip	Ui	clip	0	Ui	Y	Y	Y	Y	Y	Y	ui_clip_	Y	N	N	OK
UiClipX	Ui	clipX	0	Ui	Y	Y	Y	Y	Y	Y	ui_clip_x_	Y	N	N	OK
UiClipY	Ui	clipY	0	Ui	Y	Y	Y	Y	Y	Y	ui_clip_y_	Y	N	N	OK
UiScrollbars	Ui	scrollbars	0	Ui	Y	Y	Y	Y	Y	Y	ui_scrollbars_	Y	N	N	OK
UiScrollbarX	Ui	scrollbarX	0	Ui	Y	Y	Y	Y	Y	Y	ui_scrollbar_x_	Y	N	N	OK
UiScrollbarY	Ui	scrollbarY	0	Ui	Y	Y	Y	Y	Y	Y	ui_scrollbar_y_	Y	N	N	OK
UiGridColumns	Ui	gridColumns	1	Ui	Y	Y	Y	Y	Y	Y	ui_grid_columns_	Y	N	N	OK
UiPx	Ui	px	1	Ui	Y	Y	Y	Y	Y	Y	ui_px_	Y	N	N	OK
UiFill	Ui	fill	0	Ui	Y	Y	Y	Y	Y	Y	ui_fill_	Y	N	N	OK
UiContent	Ui	content	0	Ui	Y	Y	Y	Y	Y	Y	ui_content_	Y	N	N	OK
UiShrink	Ui	shrink	0	Ui	Y	Y	Y	Y	Y	Y	ui_shrink_	Y	N	N	OK
UiFillPortion	Ui	fillPortion	1	Ui	Y	Y	Y	Y	Y	Y	ui_fill_portion_	Y	N	N	OK
UiVh	Ui	vh	1	Ui	Y	Y	Y	Y	Y	Y	ui_vh_	Y	N	N	OK
UiVw	Ui	vw	1	Ui	Y	Y	Y	Y	Y	Y	ui_vw_	Y	N	N	OK
UiMinimum	Ui	minimum	2	Ui	Y	Y	Y	Y	Y	Y	ui_minimum_	Y	N	N	OK
UiMaximum	Ui	maximum	2	Ui	Y	Y	Y	Y	Y	Y	ui_maximum_	Y	N	N	OK
UiRgb	Ui	rgb	3	Ui	Y	Y	Y	Y	Y	Y	ui_rgb_	Y	N	N	OK
UiRgba	Ui	rgba	4	Ui	Y	Y	Y	Y	Y	Y	ui_rgba_	Y	N	N	OK
UiWhite	Ui	white	0	Ui	Y	Y	Y	Y	Y	Y	ui_white_	Y	N	N	OK
UiBlack	Ui	black	0	Ui	Y	Y	Y	Y	Y	Y	ui_black_	Y	N	N	OK
UiTransparent	Ui	transparent	0	Ui	Y	Y	Y	Y	Y	Y	ui_transparent_	Y	N	N	OK
UiColorCss	Ui	colorCss	1	Ui	Y	Y	Y	Y	Y	Y	ui_color_css_	Y	N	N	OK
BackgroundColor	Background	color	1	Ui	Y	Y	Y	Y	Y	Y	ui_background_color_	Y	N	N	OK
BackgroundImage	Background	image	1	Ui	Y	Y	Y	Y	Y	Y	ui_background_image_	Y	N	N	OK
BackgroundLinearGradient					Y	N	Y	Y	N	Y	ui_background_linear_gradient_	Y	N	N	OK
BorderWidth	Border	width	1	Ui	Y	Y	Y	Y	Y	Y	ui_border_width_	Y	N	N	OK
BorderRounded	Border	rounded	1	Ui	Y	Y	Y	Y	Y	Y	ui_border_rounded_	Y	N	N	OK
BorderColor	Border	color	1	Ui	Y	Y	Y	Y	Y	Y	ui_border_color_	Y	N	N	OK
BorderWidthEach	Border	widthEach	1	Ui	Y	Y	Y	Y	Y	Y	ui_border_width_each_	Y	N	N	OK
BorderShadow	Border	shadow	1	Ui	Y	Y	Y	Y	Y	Y	ui_border_shadow_	Y	N	N	OK
BorderGlow	Border	glow	2	Ui	Y	Y	Y	Y	Y	Y	ui_border_glow_	Y	N	N	OK
BorderInnerShadow					Y	N	Y	Y	N	Y	ui_border_inner_shadow_	Y	N	N	OK
FontSize	Font	size	1	Ui	Y	Y	Y	Y	Y	Y	ui_font_size_	Y	N	N	OK
FontColor	Font	color	1	Ui	Y	Y	Y	Y	Y	Y	ui_font_color_	Y	N	N	OK
FontFamily	Font	family	1	Ui	Y	Y	Y	Y	Y	Y	ui_font_family_	Y	N	N	OK
FontBold	Font	bold	0	Ui	Y	Y	Y	Y	Y	Y	ui_font_bold_	Y	N	N	OK
FontItalic	Font	italic	0	Ui	Y	Y	Y	Y	Y	Y	ui_font_italic_	Y	N	N	OK
HtmlTextNode	Html	text	1	Ui	Y	Y	Y	Y	Y	Y	html_text_node_	Y	N	N	OK
HtmlRawNode	Html	raw	1	Ui	Y	Y	Y	Y	Y	Y	html_raw_node_	Y	N	N	OK
HtmlNode	Html	node	3	Ui	Y	Y	Y	Y	Y	Y		N	N	N	OK
HtmlVoidNode	Html	voidNode	2	Ui	Y	Y	Y	Y	Y	Y		N	N	N	OK
HtmlDoctype	Html	doctype	1	Ui	Y	Y	Y	Y	Y	Y	html_doctype_	Y	N	N	OK
HtmlTitleNode	Html	titleNode	1	Ui	Y	Y	Y	Y	Y	Y	html_title_node_	Y	N	N	OK
HtmlToString	Html	toString	1	Ui	Y	Y	Y	Y	Y	Y	html_render_	Y	N	N	OK
HtmlStyleNode	Html	styleNode	2	Ui	Y	Y	Y	N	Y	Y	html_style_node_	Y	N	N	OK
HtmlDiv	Html	div	2	Ui	Y	Y	Y	Y	Y	Y	html_div_	Y	N	N	OK
HtmlSpan	Html	span	2	Ui	Y	Y	Y	Y	Y	Y	html_span_	Y	N	N	OK
HtmlA	Html	a	2	Ui	Y	Y	Y	Y	Y	Y	html_a_	Y	N	N	OK
HtmlButton	Html	button	2	Ui	Y	Y	Y	Y	Y	Y	html_button_	Y	N	N	OK
HtmlP	Html	p	2	Ui	Y	Y	Y	Y	Y	Y	html_p_	Y	N	N	OK
HtmlInput	Html	input	1	Ui	Y	Y	Y	Y	Y	Y	html_input_	Y	N	N	OK
HtmlImg	Html	img	1	Ui	Y	Y	Y	Y	Y	Y	html_img_	Y	N	N	OK
HtmlH1	Html	h1	2	Ui	Y	Y	Y	Y	Y	Y		N	N	N	OK
HtmlH2	Html	h2	2	Ui	Y	Y	Y	Y	Y	Y		N	N	N	OK
HtmlH3	Html	h3	2	Ui	Y	Y	Y	Y	Y	Y		N	N	N	OK
HtmlH4	Html	h4	2	Ui	Y	Y	Y	Y	Y	Y		N	N	N	OK
HtmlH5	Html	h5	2	Ui	Y	Y	Y	Y	Y	Y		N	N	N	OK
HtmlH6	Html	h6	2	Ui	Y	Y	Y	Y	Y	Y		N	N	N	OK
HtmlNav	Html	nav	2	Ui	Y	Y	Y	Y	Y	Y		N	N	N	OK
HtmlSection	Html	section	2	Ui	Y	Y	Y	Y	Y	Y		N	N	N	OK
HtmlArticle	Html	article	2	Ui	Y	Y	Y	Y	Y	Y		N	N	N	OK
HtmlHeader	Html	header	2	Ui	Y	Y	Y	Y	Y	Y		N	N	N	OK
HtmlHeaderNode	Html	headerNode	2	Ui	Y	Y	Y	Y	Y	Y		N	N	N	OK
HtmlCodeNode	Html	codeNode	2	Ui	Y	Y	Y	Y	Y	Y		N	N	N	OK
HtmlMainNode	Html	mainNode	2	Ui	Y	Y	Y	Y	Y	Y		N	N	N	OK
HtmlFooterNode	Html	footerNode	2	Ui	Y	Y	Y	Y	Y	Y		N	N	N	OK
HtmlLinkNode	Html	linkNode	1	Ui	Y	Y	Y	Y	Y	Y		N	N	N	OK
HtmlFooter	Html	footer	2	Ui	Y	Y	Y	Y	Y	Y		N	N	N	OK
HtmlMain	Html	main	2	Ui	Y	Y	Y	Y	Y	Y		N	N	N	OK
HtmlAside	Html	aside	2	Ui	Y	Y	Y	Y	Y	Y		N	N	N	OK
HtmlUl	Html	ul	2	Ui	Y	Y	Y	Y	Y	Y		N	N	N	OK
HtmlOl	Html	ol	2	Ui	Y	Y	Y	Y	Y	Y		N	N	N	OK
HtmlLi	Html	li	2	Ui	Y	Y	Y	Y	Y	Y		N	N	N	OK
HtmlTable	Html	table	2	Ui	Y	Y	Y	Y	Y	Y		N	N	N	OK
HtmlThead	Html	thead	2	Ui	Y	Y	Y	Y	Y	Y		N	N	N	OK
HtmlTbody	Html	tbody	2	Ui	Y	Y	Y	Y	Y	Y		N	N	N	OK
HtmlTfoot	Html	tfoot	2	Ui	Y	Y	Y	Y	Y	Y		N	N	N	OK
HtmlTr	Html	tr	2	Ui	Y	Y	Y	Y	Y	Y		N	N	N	OK
HtmlTh	Html	th	2	Ui	Y	Y	Y	Y	Y	Y		N	N	N	OK
HtmlTd	Html	td	2	Ui	Y	Y	Y	Y	Y	Y		N	N	N	OK
HtmlTextarea	Html	textarea	2	Ui	Y	Y	Y	Y	Y	Y		N	N	N	OK
HtmlSelect	Html	select	2	Ui	Y	Y	Y	Y	Y	Y		N	N	N	OK
HtmlOption	Html	option	2	Ui	Y	Y	Y	Y	Y	Y		N	N	N	OK
HtmlLabel	Html	label	2	Ui	Y	Y	Y	Y	Y	Y		N	N	N	OK
HtmlForm	Html	form	2	Ui	Y	Y	Y	Y	Y	Y		N	N	N	OK
HtmlFieldset	Html	fieldset	2	Ui	Y	Y	Y	Y	Y	Y		N	N	N	OK
HtmlLegend	Html	legend	2	Ui	Y	Y	Y	Y	Y	Y		N	N	N	OK
HtmlPre	Html	pre	2	Ui	Y	Y	Y	Y	Y	Y		N	N	N	OK
HtmlCode	Html	code	2	Ui	Y	Y	Y	Y	Y	Y		N	N	N	OK
HtmlStrong	Html	strong	2	Ui	Y	Y	Y	Y	Y	Y		N	N	N	OK
HtmlEm	Html	em	2	Ui	Y	Y	Y	Y	Y	Y		N	N	N	OK
HtmlSmall	Html	small	2	Ui	Y	Y	Y	Y	Y	Y		N	N	N	OK
HtmlBlockquote	Html	blockquote	2	Ui	Y	Y	Y	Y	Y	Y		N	N	N	OK
HtmlFigure	Html	figure	2	Ui	Y	Y	Y	Y	Y	Y		N	N	N	OK
HtmlFigcaption	Html	figcaption	2	Ui	Y	Y	Y	Y	Y	Y		N	N	N	OK
HtmlDetails	Html	details	2	Ui	Y	Y	Y	Y	Y	Y		N	N	N	OK
HtmlSummary	Html	summary	2	Ui	Y	Y	Y	Y	Y	Y		N	N	N	OK
HtmlDialog	Html	dialog	2	Ui	Y	Y	Y	Y	Y	Y		N	N	N	OK
HtmlVideo	Html	video	2	Ui	Y	Y	Y	Y	Y	Y		N	N	N	OK
HtmlAudio	Html	audio	2	Ui	Y	Y	Y	Y	Y	Y		N	N	N	OK
HtmlCanvas	Html	canvas	2	Ui	Y	Y	Y	Y	Y	Y		N	N	N	OK
HtmlIframe	Html	iframe	2	Ui	Y	Y	Y	Y	Y	Y		N	N	N	OK
HtmlProgress	Html	progress	2	Ui	Y	Y	Y	Y	Y	Y		N	N	N	OK
HtmlMeter	Html	meter	2	Ui	Y	Y	Y	Y	Y	Y		N	N	N	OK
HtmlScript	Html	script	2	Ui	Y	Y	Y	Y	Y	Y		N	N	N	OK
HtmlBody	Html	body	2	Ui	Y	Y	Y	Y	Y	Y		N	N	N	OK
HtmlTitle	Html	title	2	Ui	Y	Y	Y	Y	Y	Y		N	N	N	OK
HtmlHtmlNode	Html	htmlNode	2	Ui	Y	Y	Y	Y	Y	Y		N	N	N	OK
HtmlHeadNode	Html	headNode	2	Ui	Y	Y	Y	Y	Y	Y		N	N	N	OK
HtmlBr	Html	br	1	Ui	Y	Y	Y	Y	Y	Y		N	N	N	OK
HtmlHr	Html	hr	1	Ui	Y	Y	Y	Y	Y	Y		N	N	N	OK
HtmlMeta	Html	meta	1	Ui	Y	Y	Y	Y	Y	Y		N	N	N	OK
HtmlLink	Html	link	1	Ui	Y	Y	Y	Y	Y	Y		N	N	N	OK
HtmlArea	Html	area	1	Ui	Y	Y	Y	Y	Y	Y		N	N	N	OK
HtmlBase	Html	base	1	Ui	Y	Y	Y	Y	Y	Y		N	N	N	OK
HtmlCol	Html	col	1	Ui	Y	Y	Y	Y	Y	Y		N	N	N	OK
HtmlEmbed	Html	embed	1	Ui	Y	Y	Y	Y	Y	Y		N	N	N	OK
HtmlSource	Html	source	1	Ui	Y	Y	Y	Y	Y	Y		N	N	N	OK
HtmlTrack	Html	track	1	Ui	Y	Y	Y	Y	Y	Y		N	N	N	OK
HtmlWbr	Html	wbr	1	Ui	Y	Y	Y	Y	Y	Y	html_node_	Y	N	N	OK
HtmlAttrClass	Attr	class	1	Ui	Y	Y	Y	Y	Y	Y		N	N	N	OK
HtmlAttrId	Attr	id	1	Ui	Y	Y	Y	Y	Y	Y		N	N	N	OK
HtmlAttrHref	Attr	href	1	Ui	Y	Y	Y	Y	Y	Y		N	N	N	OK
HtmlAttrSrc	Attr	src	1	Ui	Y	Y	Y	Y	Y	Y		N	N	N	OK
HtmlAttrAlt	Attr	alt	1	Ui	Y	Y	Y	Y	Y	Y		N	N	N	OK
HtmlAttrValue	Attr	value	1	Ui	Y	Y	Y	Y	Y	Y		N	N	N	OK
HtmlAttrName	Attr	name	1	Ui	Y	Y	Y	Y	Y	Y		N	N	N	OK
HtmlAttrPlaceholder	Attr	placeholder	1	Ui	Y	Y	Y	Y	Y	Y		N	N	N	OK
HtmlAttrType	Attr	type_	1	Ui	Y	Y	Y	Y	Y	Y		N	N	N	OK
HtmlAttrFor	Attr	for_	1	Ui	Y	Y	Y	Y	Y	Y		N	N	N	OK
HtmlAttrStyle	Attr	style	1	Ui	Y	Y	Y	Y	Y	Y		N	N	N	OK
HtmlAttrTitle	Attr	title	1	Ui	Y	Y	Y	Y	Y	Y		N	N	N	OK
HtmlAttrChecked	Attr	checked	1	Ui	Y	Y	Y	Y	Y	Y		N	N	N	OK
HtmlAttrDisabled	Attr	disabled	1	Ui	Y	Y	Y	Y	Y	Y		N	N	N	OK
HtmlAttrReadonly	Attr	readonly	1	Ui	Y	Y	Y	Y	Y	Y		N	N	N	OK
HtmlAttrRequired	Attr	required	1	Ui	Y	Y	Y	Y	Y	Y		N	N	N	OK
HtmlAttrMultiple	Attr	multiple	1	Ui	Y	Y	Y	Y	Y	Y		N	N	N	OK
HtmlAttrSelected	Attr	selected	1	Ui	Y	Y	Y	Y	Y	Y		N	N	N	OK
HtmlAttrAutofocus	Attr	autofocus	1	Ui	Y	Y	Y	Y	Y	Y		N	N	N	OK
HtmlAttrAutocomplete	Attr	autocomplete	1	Ui	Y	Y	Y	Y	Y	Y		N	N	N	OK
HtmlAttribute	Attr	attribute	2	Ui	Y	Y	Y	Y	Y	Y	html_named_attr_	Y	N	N	OK
HtmlBoolAttribute	Attr	boolAttribute	2	Ui	Y	Y	Y	Y	Y	Y	html_bool_named_attr_	Y	N	N	OK
HtmlNoAttr	Attr	noAttr	0	Ui	Y	Y	Y	Y	Y	Y	html_no_attr_	Y	N	N	OK
LiveApp	Live	app	1	Live	Y	Y	Y	N	Y	Y	live_app	Y	N	N	OK
LiveAppRouted	Live	appRouted	1	Live	Y	Y	N	N	Y	Y	live_app_routed	Y	N	N	OK
LiveRoute	Live	route	2	Live	Y	Y	Y	N	Y	Y	live_route	N	N	N	OK
LiveRenderStatic	Live	renderStatic	2	Live	Y	Y	Y	N	Y	Y	live_render_static	Y	N	N	OK
TuiProgram	Tui	program	1	Tui	Y	Y	Y	N	Y	Y	tui_app	Y	N	N	OK
TuiApp	Tui	app	1	Tui	Y	Y	Y	N	Y	Y	tui_app_ui	Y	N	N	OK
WebviewApp	Webview	app	1	Webview	Y	Y	Y	N	Y	Y	webview_app	Y	N	N	OK
UiOnClick	Ui	onClick	1	Ui	Y	Y	Y	N	Y	Y	ui_on_click_	Y	N	N	OK
UiOnFocus	Ui	onFocus	1	Ui	Y	Y	Y	N	Y	Y	ui_on_focus_	Y	N	N	OK
UiOnBlur	Ui	onBlur	1	Ui	Y	Y	Y	N	Y	Y	ui_on_blur_	Y	N	N	OK
UiOnMouseOver	Ui	onMouseOver	1	Ui	Y	Y	Y	N	Y	Y	ui_on_mouse_over_	Y	N	N	OK
UiOnMouseOut	Ui	onMouseOut	1	Ui	Y	Y	Y	N	Y	Y	ui_on_mouse_out_	Y	N	N	OK
UiOnInput	Ui	onInput	1	Ui	Y	Y	Y	N	Y	Y	ui_on_input_	Y	N	N	OK
UiOnChange	Ui	onChange	1	Ui	Y	Y	Y	N	Y	Y	ui_on_change_	Y	N	N	OK
UiOnKeyDown	Ui	onKeyDown	1	Ui	Y	Y	Y	N	Y	Y	ui_on_key_down_	Y	N	N	OK
UiOnKeyUp	Ui	onKeyUp	1	Ui	Y	Y	Y	N	Y	Y	ui_on_key_up_	Y	N	N	OK
UiOnBool	Ui	onBool	1	Ui	Y	Y	Y	N	Y	Y	ui_on_bool_	Y	N	N	OK
UiOnSubmit	Ui	onSubmit	1	Ui	Y	Y	Y	N	Y	Y	ui_on_submit_	Y	N	N	OK
UiOnFile	Ui	onFile	1	Ui	Y	Y	Y	Y	Y	Y	ui_on_file_	Y	N	N	OK
HtmlOnClick	Event	onClick	1	Ui	Y	Y	Y	Y	Y	Y		N	N	N	OK
HtmlOnFocus	Event	onFocus	1	Ui	Y	Y	Y	Y	Y	Y		N	N	N	OK
HtmlOnBlur	Event	onBlur	1	Ui	Y	Y	Y	Y	Y	Y		N	N	N	OK
HtmlOnMouseOver	Event	onMouseOver	1	Ui	Y	Y	Y	Y	Y	Y		N	N	N	OK
HtmlOnMouseOut	Event	onMouseOut	1	Ui	Y	Y	Y	Y	Y	Y	html_on_msg_	Y	N	N	OK
HtmlOnSubmit	Event	onSubmit	1	Ui	Y	Y	Y	Y	Y	Y	html_on_raw_	Y	N	N	OK
HtmlOnInput	Event	onInput	1	Ui	Y	Y	Y	Y	Y	Y		N	N	N	OK
HtmlOnChange	Event	onChange	1	Ui	Y	Y	Y	Y	Y	Y		N	N	N	OK
HtmlOnKeyDown	Event	onKeyDown	1	Ui	Y	Y	Y	Y	Y	Y		N	N	N	OK
HtmlOnKeyUp	Event	onKeyUp	1	Ui	Y	Y	Y	Y	Y	Y	html_on_string_	Y	N	N	OK
HtmlOnBool	Event	onBool	1	Ui	Y	Y	Y	Y	Y	Y	html_on_bool_	Y	N	N	OK
UiSquare	Ui	square	0	Ui	Y	Y	Y	Y	Y	Y	ui_square_	Y	N	N	OK
UiWidescreen	Ui	widescreen	0	Ui	Y	Y	Y	Y	Y	Y	ui_widescreen_	Y	N	N	OK
UiCinemascope	Ui	cinemascope	0	Ui	Y	Y	Y	Y	Y	Y	ui_cinemascope_	Y	N	N	OK
UiAspectRatio	Ui	aspectRatio	1	Ui	Y	Y	Y	Y	Y	Y	ui_aspect_ratio_	Y	N	N	OK
UiAspectRatioWH	Ui	aspectRatioWH	2	Ui	Y	Y	Y	Y	Y	Y	ui_aspect_ratio_wh_	Y	N	N	OK
UiHtmlAttribute	Ui	htmlAttribute	2	Ui	Y	Y	Y	Y	Y	Y	ui_html_attribute_	Y	N	N	OK
UiName	Ui	name	1	Ui	Y	Y	Y	Y	Y	Y	ui_name_	Y	N	N	OK
UiStyle	Ui	style	2	Ui	Y	Y	Y	Y	Y	Y	ui_style_	Y	N	N	OK
UiTransitionRaw					Y	N	Y	Y	N	Y	ui_transition_raw_	Y	N	N	OK
UiGridTracksRaw					Y	N	Y	Y	N	Y	ui_grid_tracks_raw_	Y	N	N	OK
UiAnimateRaw					Y	N	Y	Y	N	Y	ui_animate_raw_	Y	N	N	OK
UiBreakpoint	Ui	breakpoint	3	Ui	Y	Y	Y	Y	Y	Y	ui_breakpoint_	Y	N	N	OK
UiMediaQuery	Ui	mediaQuery	3	Ui	Y	Y	Y	Y	Y	Y	ui_media_query_	Y	N	N	OK
UiMobile	Ui	mobile	0	Ui	Y	Y	Y	Y	Y	Y	ui_mobile_	Y	N	N	OK
UiTablet	Ui	tablet	0	Ui	Y	Y	Y	Y	Y	Y	ui_tablet_	Y	N	N	OK
UiDesktop	Ui	desktop	0	Ui	Y	Y	Y	Y	Y	Y	ui_desktop_	Y	N	N	OK
UiDarkMode	Ui	darkMode	0	Ui	Y	Y	Y	Y	Y	Y	ui_dark_mode_	Y	N	N	OK
UiLightMode	Ui	lightMode	0	Ui	Y	Y	Y	Y	Y	Y	ui_light_mode_	Y	N	N	OK
UiReducedMotion	Ui	reducedMotion	0	Ui	Y	Y	Y	Y	Y	Y	ui_reduced_motion_	Y	N	N	OK
UiOnPseudo	Ui	onPseudo	2	Ui	Y	Y	Y	Y	Y	Y	ui_on_pseudo_	Y	N	N	OK
UiHover	Ui	hover	0	Ui	Y	Y	Y	Y	Y	Y	ui_hover_	Y	N	N	OK
UiFocus	Ui	focus	0	Ui	Y	Y	Y	Y	Y	Y	ui_focus_	Y	N	N	OK
UiFocusVisible	Ui	focusVisible	0	Ui	Y	Y	Y	Y	Y	Y	ui_focus_visible_	Y	N	N	OK
UiActive	Ui	active	0	Ui	Y	Y	Y	Y	Y	Y	ui_active_	Y	N	N	OK
UiDisabled	Ui	disabled	0	Ui	Y	Y	Y	Y	Y	Y	ui_disabled_	Y	N	N	OK
BackgroundHoverColor					Y	N	Y	Y	N	Y	ui_bg_hover_color_	Y	N	N	OK
BackgroundFocusColor					Y	N	Y	Y	N	Y	ui_bg_focus_color_	Y	N	N	OK
BackgroundActiveColor					Y	N	Y	Y	N	Y	ui_bg_active_color_	Y	N	N	OK
BackgroundDisabledColor					Y	N	Y	Y	N	Y	ui_bg_disabled_color_	Y	N	N	OK
BorderSolid	Border	solid	0	Ui	Y	Y	Y	Y	Y	Y	ui_border_solid_	Y	N	N	OK
BorderDashed	Border	dashed	0	Ui	Y	Y	Y	Y	Y	Y	ui_border_dashed_	Y	N	N	OK
BorderDotted	Border	dotted	0	Ui	Y	Y	Y	Y	Y	Y	ui_border_dotted_	Y	N	N	OK
BorderHoverColor					Y	N	Y	Y	N	Y	ui_border_hover_color_	Y	N	N	OK
BorderFocusColor					Y	N	Y	Y	N	Y	ui_border_focus_color_	Y	N	N	OK
BorderActiveColor					Y	N	Y	Y	N	Y	ui_border_active_color_	Y	N	N	OK
BorderHoverWidth	Border	hoverWidth	1	Ui	Y	Y	Y	Y	Y	Y	ui_border_hover_width_	Y	N	N	OK
BorderHoverRounded					Y	N	Y	Y	N	Y	ui_border_hover_rounded_	Y	N	N	OK
FontWeight	Font	weight	1	Ui	Y	Y	Y	Y	Y	Y	ui_font_weight_	Y	N	N	OK
FontSemiBold	Font	semiBold	0	Ui	Y	Y	Y	Y	Y	Y	ui_font_semi_bold_	Y	N	N	OK
FontRegular	Font	regular	0	Ui	Y	Y	Y	Y	Y	Y	ui_font_regular_	Y	N	N	OK
FontLight	Font	light	0	Ui	Y	Y	Y	Y	Y	Y	ui_font_light_	Y	N	N	OK
FontExtraBold	Font	extraBold	0	Ui	Y	Y	Y	Y	Y	Y	ui_font_extra_bold_	Y	N	N	OK
FontBlack	Font	black	0	Ui	Y	Y	Y	Y	Y	Y	ui_font_black_	Y	N	N	OK
FontUnderline	Font	underline	0	Ui	Y	Y	Y	Y	Y	Y	ui_font_underline_	Y	N	N	OK
FontNoDecoration	Font	noDecoration	0	Ui	Y	Y	Y	Y	Y	Y	ui_font_no_decoration_	Y	N	N	OK
FontLineThrough	Font	lineThrough	0	Ui	Y	Y	Y	Y	Y	Y	ui_font_line_through_	Y	N	N	OK
FontLetterSpacing	Font	letterSpacing	1	Ui	Y	Y	Y	Y	Y	Y	ui_font_letter_spacing_	Y	N	N	OK
FontWordSpacing	Font	wordSpacing	1	Ui	Y	Y	Y	Y	Y	Y	ui_font_word_spacing_	Y	N	N	OK
FontAlignLeft	Font	alignLeft	0	Ui	Y	Y	Y	Y	Y	Y	ui_font_align_left_	Y	N	N	OK
FontAlignRight	Font	alignRight	0	Ui	Y	Y	Y	Y	Y	Y	ui_font_align_right_	Y	N	N	OK
FontAlignCenter	Font	alignCenter	0	Ui	Y	Y	Y	Y	Y	Y	ui_font_align_center_	Y	N	N	OK
FontCenter	Font	center	0	Ui	Y	Y	Y	Y	Y	Y	ui_font_center_	Y	N	N	OK
FontJustify	Font	justify	0	Ui	Y	Y	Y	Y	Y	Y	ui_font_justify_	Y	N	N	OK
FontSansSerif	Font	sansSerif	0	Ui	Y	Y	Y	Y	Y	Y	ui_font_sans_serif_	Y	N	N	OK
FontSerif	Font	serif	0	Ui	Y	Y	Y	Y	Y	Y	ui_font_serif_	Y	N	N	OK
FontMonospace	Font	monospace	0	Ui	Y	Y	Y	Y	Y	Y	ui_font_monospace_	Y	N	N	OK
FontHoverColor	Font	hoverColor	1	Ui	Y	Y	Y	Y	Y	Y	ui_font_hover_color_	Y	N	N	OK
FontFocusColor	Font	focusColor	1	Ui	Y	Y	Y	Y	Y	Y	ui_font_focus_color_	Y	N	N	OK
FontActiveColor	Font	activeColor	1	Ui	Y	Y	Y	Y	Y	Y	ui_font_active_color_	Y	N	N	OK
FontDisabledColor	Font	disabledColor	1	Ui	Y	Y	Y	Y	Y	Y	ui_font_disabled_color_	Y	N	N	OK
FontHoverSize	Font	hoverSize	1	Ui	Y	Y	Y	Y	Y	Y	ui_font_hover_size_	Y	N	N	OK
HtmlAttrTabindex	Attr	tabindex	1	Ui	Y	Y	Y	Y	Y	Y	html_attr_tabindex_	Y	N	N	OK
HtmlAttrRows	Attr	rows	1	Ui	Y	Y	Y	Y	Y	Y	html_attr_rows_	Y	N	N	OK
CliProgram	Cli	program	1	KernelClass	Y	Y	Y	Y	Y	Y	sky_cli_program_	N	N	N	OK
AuthHashPassword	Auth	hashPassword	1	Pure	Y	Y	Y	Y	Y	Y	auth_hash_password	Y	N	N	OK
AuthHashPasswordCost					Y	N	Y	Y	N	Y	auth_hash_password_cost	Y	N	N	OK
AuthVerifyPassword	Auth	verifyPassword	2	Pure	Y	Y	Y	Y	Y	Y	auth_verify_password	Y	N	N	OK
AuthPasswordStrength					Y	N	Y	Y	N	Y	auth_password_strength	Y	N	N	OK
AuthSignToken	Auth	signToken	3	Pure	Y	Y	Y	Y	Y	Y	auth_sign_token	Y	N	N	OK
AuthVerifyToken	Auth	verifyToken	2	Pure	Y	Y	Y	Y	Y	Y	auth_verify_token	Y	N	N	OK
AuthRegister	Auth	register	3	Pure	Y	Y	Y	Y	Y	Y	auth_register	Y	N	N	OK
AuthLogin	Auth	login	3	Pure	Y	Y	Y	Y	Y	Y	auth_login	Y	N	N	OK
AuthSetRole	Auth	setRole	3	Pure	Y	Y	Y	Y	Y	Y	auth_set_role	Y	N	N	OK
StreamStream	Stream	stream	2	Server	Y	Y	Y	Y	Y	Y	server_stream_stream	Y	N	N	OK
StreamEmit	Stream	emit	2	Server	Y	Y	Y	Y	Y	Y	server_stream_emit	Y	N	N	OK
StreamFinish	Stream	finish	1	Server	Y	Y	Y	Y	Y	Y	server_stream_finish	Y	N	N	OK
StreamWithContentType					Y	N	Y	Y	N	Y	server_stream_with_content_type	Y	N	N	OK
HttpStreamOpen	HttpStream	open	1	Pure	Y	Y	Y	Y	Y	Y	http_stream_open	Y	N	N	OK
HttpStreamForEachChunk					Y	N	Y	Y	N	Y	http_stream_for_each_chunk	Y	N	N	OK
HttpStreamClose	HttpStream	close	1	Pure	Y	Y	Y	Y	Y	Y	http_stream_close	Y	N	N	OK
HttpStreamChunks	HttpStream	chunks	2	Pure	Y	Y	Y	Y	Y	Y	sub_subscribe_stream	Y	N	N	OK
WsDefaultCfg	Ws	defaultCfg	0	Server	Y	Y	Y	Y	Y	Y	ws_server_default_cfg	Y	N	N	OK
WsWithOnConnect	Ws	withOnConnect	2	Server	Y	Y	Y	Y	Y	Y	ws_server_with_on_connect	Y	N	N	OK
WsWithOnMessage	Ws	withOnMessage	2	Server	Y	Y	Y	Y	Y	Y	ws_server_with_on_message	Y	N	N	OK
WsWithOnClose	Ws	withOnClose	2	Server	Y	Y	Y	Y	Y	Y	ws_server_with_on_close	Y	N	N	OK
WsWithOnError	Ws	withOnError	2	Server	Y	Y	Y	Y	Y	Y	ws_server_with_on_error	Y	N	N	OK
WsWithMaxMessageBytes					Y	N	Y	Y	N	Y	ws_server_with_max_message_bytes	Y	N	N	OK
WsWithOriginPatterns					Y	N	Y	Y	N	Y	ws_server_with_origin_patterns	Y	N	N	OK
WsUpgrade	Ws	upgrade	2	Server	Y	Y	Y	Y	Y	Y	server_web_socket_upgrade	Y	N	N	OK
WsSendToClient	Ws	sendToClient	2	Server	Y	Y	Y	Y	Y	Y	ws_server_send_to_client	Y	N	N	OK
WsSendBinaryToClient					Y	N	Y	Y	N	Y	ws_server_send_binary_to_client	Y	N	N	OK
WsBroadcast	Ws	broadcast	2	Server	Y	Y	Y	Y	Y	Y	ws_server_broadcast	Y	N	N	OK
WsCloseClient	Ws	closeClient	1	Server	Y	Y	Y	Y	Y	Y	ws_server_close_client	Y	N	N	OK
RegionMainContent	Region	mainContent	0	Ui	Y	Y	Y	Y	Y	Y	ui_region_main_content_	Y	N	N	OK
RegionNavigation	Region	navigation	0	Ui	Y	Y	Y	Y	Y	Y	ui_region_navigation_	Y	N	N	OK
RegionFooter	Region	footer	0	Ui	Y	Y	Y	Y	Y	Y	ui_region_footer_	Y	N	N	OK
RegionAside	Region	aside	0	Ui	Y	Y	Y	Y	Y	Y	ui_region_aside_	Y	N	N	OK
RegionHeading	Region	heading	1	Ui	Y	Y	Y	Y	Y	Y	ui_region_heading_	Y	N	N	OK
RegionLabel	Region	label	1	Ui	Y	Y	Y	Y	Y	Y	ui_region_label_	Y	N	N	OK
RegionAnnounce	Region	announce	0	Ui	Y	Y	Y	Y	Y	Y	ui_region_announce_	Y	N	N	OK
RegionAnnounceUrgently					Y	N	Y	Y	N	Y	ui_region_announce_urgently_	Y	N	N	OK
UiInput	Ui	input	1	Ui	Y	Y	Y	Y	Y	Y	ui_input_	Y	N	N	OK
UiDescribe	Ui	describe	1	Ui	Y	Y	Y	Y	Y	Y	ui_describe_	Y	N	N	OK
UiDescMain	Ui	descMain	0	Ui	Y	Y	Y	Y	Y	Y	ui_desc_main_	Y	N	N	OK
UiDescNavigation	Ui	descNavigation	0	Ui	Y	Y	Y	Y	Y	Y	ui_desc_navigation_	Y	N	N	OK
UiDescContentInfo	Ui	descContentInfo	0	Ui	Y	Y	Y	Y	Y	Y	ui_desc_content_info_	Y	N	N	OK
UiDescComplementary					Y	N	Y	Y	N	Y	ui_desc_complementary_	Y	N	N	OK
UiDescLivePolite	Ui	descLivePolite	0	Ui	Y	Y	Y	Y	Y	Y	ui_desc_live_polite_	Y	N	N	OK
UiDescLiveAssertive					Y	N	Y	Y	N	Y	ui_desc_live_assertive_	Y	N	N	OK
UiDescHeading	Ui	descHeading	1	Ui	Y	Y	Y	Y	Y	Y	ui_desc_heading_	Y	N	N	OK
UiDescLabel	Ui	descLabel	1	Ui	Y	Y	Y	Y	Y	Y	ui_desc_label_	Y	N	N	OK
InputLabelAbove	Input	labelAbove	2	Ui	Y	Y	Y	Y	Y	Y	input_label_above_	Y	N	N	OK
InputLabelBelow	Input	labelBelow	2	Ui	Y	Y	Y	Y	Y	Y	input_label_below_	Y	N	N	OK
InputLabelLeft	Input	labelLeft	2	Ui	Y	Y	Y	Y	Y	Y	input_label_left_	Y	N	N	OK
InputLabelRight	Input	labelRight	2	Ui	Y	Y	Y	Y	Y	Y	input_label_right_	Y	N	N	OK
InputLabelHidden	Input	labelHidden	1	Ui	Y	Y	Y	Y	Y	Y	input_label_hidden_	Y	N	N	OK
InputPlaceholder	Input	placeholder	2	Ui	Y	Y	Y	Y	Y	Y	input_placeholder_	Y	N	N	OK
InputText	Input	text	2	Ui	Y	Y	Y	Y	Y	Y	input_text_	Y	N	N	OK
InputMultiline	Input	multiline	2	Ui	Y	Y	Y	Y	Y	Y	input_multiline_	Y	N	N	OK
InputEmail	Input	email	2	Ui	Y	Y	Y	Y	Y	Y	input_email_	Y	N	N	OK
InputUsername	Input	username	2	Ui	Y	Y	Y	Y	Y	Y	input_username_	Y	N	N	OK
InputSearch	Input	search	2	Ui	Y	Y	Y	Y	Y	Y	input_search_	Y	N	N	OK
InputCurrentPassword	Input	currentPassword	2	Ui	Y	Y	Y	Y	Y	Y	input_current_password_	Y	N	N	OK
InputNewPassword	Input	newPassword	2	Ui	Y	Y	Y	Y	Y	Y	input_new_password_	Y	N	N	OK
InputCheckbox	Input	checkbox	2	Ui	Y	Y	Y	Y	Y	Y	input_checkbox_	Y	N	N	OK
InputSlider	Input	slider	2	Ui	Y	Y	Y	Y	Y	Y	input_slider_	Y	N	N	OK
InputOption	Input	option	2	Ui	Y	Y	Y	Y	Y	Y	input_option_	Y	N	N	OK
InputRadio	Input	radio	2	Ui	Y	Y	Y	Y	Y	Y	input_radio_	Y	N	N	OK
InputRadioRow	Input	radioRow	2	Ui	Y	Y	Y	Y	Y	Y	input_radio_row_	Y	N	N	OK
LazyLazy	Lazy	lazy	2	Ui	Y	Y	Y	Y	Y	Y	lazy_lazy_	Y	N	N	OK
LazyLazy2	Lazy	lazy2	3	Ui	Y	Y	Y	Y	Y	Y	lazy_lazy2_	Y	N	N	OK
LazyLazy3	Lazy	lazy3	4	Ui	Y	Y	Y	Y	Y	Y	lazy_lazy3_	Y	N	N	OK
LazyLazy4	Lazy	lazy4	5	Ui	Y	Y	Y	Y	Y	Y	lazy_lazy4_	Y	N	N	OK
LazyLazy5	Lazy	lazy5	6	Ui	Y	Y	Y	Y	Y	Y	lazy_lazy5_	Y	N	N	OK
KeyedColumn	Keyed	column	2	Ui	Y	Y	Y	Y	Y	Y	keyed_column_	Y	N	N	OK
KeyedRow	Keyed	row	2	Ui	Y	Y	Y	Y	Y	Y	keyed_row_	Y	N	N	OK
DecZero	Decimal	zero	0	Pure	Y	Y	Y	Y	Y	Y	decimal_zero	Y	N	N	OK
DecOne	Decimal	one	0	Pure	Y	Y	Y	Y	Y	Y	decimal_one	Y	N	N	OK
DecOneHundred	Decimal	oneHundred	0	Pure	Y	Y	Y	Y	Y	Y	decimal_one_hundred	Y	N	N	OK
DecFromString	Decimal	fromString	1	Pure	Y	Y	Y	Y	Y	Y	decimal_from_string	Y	N	N	OK
DecFromInt	Decimal	fromInt	1	Pure	Y	Y	Y	Y	Y	Y	decimal_from_int	Y	N	N	OK
DecFromFloat	Decimal	fromFloat	1	Pure	Y	Y	Y	Y	Y	Y	decimal_from_float	Y	N	N	OK
DecFromMinor	Decimal	fromMinor	2	Pure	Y	Y	Y	Y	Y	Y	decimal_from_minor	Y	N	N	OK
DecToString	Decimal	toString	1	Pure	Y	Y	Y	Y	Y	Y	decimal_to_string	Y	N	N	OK
DecToStringFixed	Decimal	toStringFixed	2	Pure	Y	Y	Y	Y	Y	Y	decimal_to_string_fixed	Y	N	N	OK
DecToFloat	Decimal	toFloat	1	Pure	Y	Y	Y	Y	Y	Y	decimal_to_float	Y	N	N	OK
DecToInt	Decimal	toInt	1	Pure	Y	Y	Y	Y	Y	Y	decimal_to_int	Y	N	N	OK
DecToMinor	Decimal	toMinor	2	Pure	Y	Y	Y	Y	Y	Y	decimal_to_minor	Y	N	N	OK
DecAdd	Decimal	add	2	Pure	Y	Y	Y	Y	Y	Y	decimal_add	Y	N	N	OK
DecSub	Decimal	sub	2	Pure	Y	Y	Y	Y	Y	Y	decimal_sub	Y	N	N	OK
DecMul	Decimal	mul	2	Pure	Y	Y	Y	Y	Y	Y	decimal_mul	Y	N	N	OK
DecDiv	Decimal	div	2	Pure	Y	Y	Y	Y	Y	Y	decimal_div	Y	N	N	OK
DecMod	Decimal	mod	2	Pure	Y	Y	Y	Y	Y	Y	decimal_mod	Y	N	N	OK
DecNeg	Decimal	neg	1	Pure	Y	Y	Y	Y	Y	Y	decimal_neg	Y	N	N	OK
DecAbs	Decimal	abs	1	Pure	Y	Y	Y	Y	Y	Y	decimal_abs	Y	N	N	OK
DecFloor	Decimal	floor	1	Pure	Y	Y	Y	Y	Y	Y	decimal_floor	Y	N	N	OK
DecCeil	Decimal	ceil	1	Pure	Y	Y	Y	Y	Y	Y	decimal_ceil	Y	N	N	OK
DecRound	Decimal	round	2	Pure	Y	Y	Y	Y	Y	Y	decimal_round	Y	N	N	OK
DecRoundHalfUp	Decimal	roundHalfUp	2	Pure	Y	Y	Y	Y	Y	Y	decimal_round_half_up	Y	N	N	OK
DecTruncate	Decimal	truncate	2	Pure	Y	Y	Y	Y	Y	Y	decimal_truncate	Y	N	N	OK
DecCompare	Decimal	compare	2	Pure	Y	Y	Y	Y	Y	Y	decimal_compare	Y	N	N	OK
DecEq	Decimal	eq	2	Pure	Y	Y	Y	Y	Y	Y	decimal_eq	Y	N	N	OK
DecNeq	Decimal	neq	2	Pure	Y	Y	Y	Y	Y	Y	decimal_neq	Y	N	N	OK
DecLt	Decimal	lt	2	Pure	Y	Y	Y	Y	Y	Y	decimal_lt	Y	N	N	OK
DecLte	Decimal	lte	2	Pure	Y	Y	Y	Y	Y	Y	decimal_lte	Y	N	N	OK
DecGt	Decimal	gt	2	Pure	Y	Y	Y	Y	Y	Y	decimal_gt	Y	N	N	OK
DecGte	Decimal	gte	2	Pure	Y	Y	Y	Y	Y	Y	decimal_gte	Y	N	N	OK
DecMin	Decimal	min	2	Pure	Y	Y	Y	Y	Y	Y	decimal_min	Y	N	N	OK
DecMax	Decimal	max	2	Pure	Y	Y	Y	Y	Y	Y	decimal_max	Y	N	N	OK
DecIsZero	Decimal	isZero	1	Pure	Y	Y	Y	Y	Y	Y	decimal_is_zero	Y	N	N	OK
DecIsPositive	Decimal	isPositive	1	Pure	Y	Y	Y	Y	Y	Y	decimal_is_positive	Y	N	N	OK
DecIsNegative	Decimal	isNegative	1	Pure	Y	Y	Y	Y	Y	Y	decimal_is_negative	Y	N	N	OK
DecPercentOf	Decimal	percentOf	2	Pure	Y	Y	Y	Y	Y	Y	decimal_percent_of	Y	N	N	OK
DecAddPercent	Decimal	addPercent	2	Pure	Y	Y	Y	Y	Y	Y	decimal_add_percent	Y	N	N	OK
DecSubPercent	Decimal	subPercent	2	Pure	Y	Y	Y	Y	Y	Y	decimal_sub_percent	Y	N	N	OK
DecFormatWith	Decimal	formatWith	4	Pure	Y	Y	Y	Y	Y	Y	decimal_format_with	Y	N	N	OK
SqlColumn	Sql	column	1	Db	Y	Y	Y	Y	Y	Y	sql_column	Y	N	N	OK
SqlParam	Sql	param	1	Db	Y	Y	Y	Y	Y	Y		N	N	N	OK
SqlInt	Sql	int	1	Db	Y	Y	Y	Y	Y	Y		N	N	N	OK
SqlString	Sql	string	1	Db	Y	Y	Y	Y	Y	Y		N	N	N	OK
SqlFloat	Sql	float	1	Db	Y	Y	Y	Y	Y	Y		N	N	N	OK
SqlBool	Sql	bool	1	Db	Y	Y	Y	Y	Y	Y	sql_param	Y	N	N	OK
SqlEq	Sql	eq	2	Db	Y	Y	Y	Y	Y	Y	sql_eq	Y	N	N	OK
SqlNe	Sql	ne	2	Db	Y	Y	Y	Y	Y	Y	sql_ne	Y	N	N	OK
SqlGt	Sql	gt	2	Db	Y	Y	Y	Y	Y	Y	sql_gt	Y	N	N	OK
SqlLt	Sql	lt	2	Db	Y	Y	Y	Y	Y	Y	sql_lt	Y	N	N	OK
SqlGte	Sql	gte	2	Db	Y	Y	Y	Y	Y	Y	sql_gte	Y	N	N	OK
SqlLte	Sql	lte	2	Db	Y	Y	Y	Y	Y	Y	sql_lte	Y	N	N	OK
SqlAnd	Sql	and	2	Db	Y	Y	Y	Y	Y	Y	sql_and	Y	N	N	OK
SqlOr	Sql	or	2	Db	Y	Y	Y	Y	Y	Y	sql_or	Y	N	N	OK
SqlNot	Sql	not	1	Db	Y	Y	Y	Y	Y	Y	sql_not	Y	N	N	OK
SqlIsNull	Sql	isNull	1	Db	Y	Y	Y	Y	Y	Y	sql_is_null	Y	N	N	OK
SqlIsNotNull	Sql	isNotNull	1	Db	Y	Y	Y	Y	Y	Y	sql_is_not_null	Y	N	N	OK
SqlInList	Sql	inList	2	Db	Y	Y	Y	Y	Y	Y	sql_in_list	Y	N	N	OK
SqlLike	Sql	like	2	Db	Y	Y	Y	Y	Y	Y	sql_like	Y	N	N	OK
DbFindWhere	Db	findWhere	3	Db	Y	Y	Y	Y	Y	Y	db_find_where	Y	N	N	OK
DbDeleteWhere	Db	deleteWhere	3	Db	Y	Y	Y	Y	Y	Y	db_delete_where	Y	N	N	OK
SecretFromString	Secret	fromString	1	Pure	Y	Y	Y	Y	Y	Y	secret_from_string	Y	N	N	OK
SecretReveal	Secret	reveal	1	Pure	Y	Y	Y	Y	Y	Y	secret_reveal	Y	N	N	OK
SecretRedacted	Secret	redacted	1	Pure	Y	Y	Y	Y	Y	Y	secret_redacted	Y	N	N	OK
RegexMatch	Regex	match	2	Pure	Y	Y	Y	Y	N	Y	regex_match	Y	N	N	OK
RegexFind	Regex	find	2	Pure	Y	Y	Y	Y	N	Y	regex_find	Y	N	N	OK
RegexFindAll	Regex	findAll	2	Pure	Y	Y	Y	Y	N	Y	regex_find_all	Y	N	N	OK
RegexReplace	Regex	replace	3	Pure	Y	Y	Y	Y	N	Y	regex_replace	Y	N	N	OK
RegexSplit	Regex	split	2	Pure	Y	Y	Y	Y	N	Y	regex_split	Y	N	N	OK
PathBase	Path	base	1	Pure	Y	Y	Y	Y	N	Y	path_base	Y	N	N	OK
PathDir	Path	dir	1	Pure	Y	Y	Y	Y	N	Y	path_dir	Y	N	N	OK
PathExt	Path	ext	1	Pure	Y	Y	Y	Y	N	Y	path_ext	Y	N	N	OK
PathIsAbsolute	Path	isAbsolute	1	Pure	Y	Y	Y	Y	N	Y	path_is_absolute	Y	N	N	OK
TraceSpan	Trace	span	2	Pure	Y	Y	Y	Y	N	Y	trace_span	Y	N	N	OK
TraceEvent	Trace	event	1	Pure	Y	Y	Y	Y	N	Y	trace_event	Y	N	N	OK
TraceAttr	Trace	attr	2	Pure	Y	Y	Y	Y	N	Y	trace_attr	Y	N	N	OK
CompressionGzip	Compression	gzip	1	Pure	Y	Y	Y	Y	N	Y	compression_gzip	Y	N	N	OK
CompressionGunzip	Compression	gunzip	1	Pure	Y	Y	Y	Y	N	Y	compression_gunzip	Y	N	N	OK
CompressionZstdCompress					Y	N	Y	Y	N	Y	compression_zstd_compress	Y	N	N	OK
CompressionZstdDecompress					Y	N	Y	Y	N	Y	compression_zstd_decompress	Y	N	N	OK
CsvParse	Csv	parse	1	Pure	Y	Y	Y	Y	N	Y	csv_parse	Y	N	N	OK
CsvParseWithDelimiter					Y	N	Y	Y	N	Y	csv_parse_with_delimiter	Y	N	N	OK
CsvEncode	Csv	encode	1	Pure	Y	Y	Y	Y	N	Y	csv_encode	Y	N	N	OK
CsvEncodeWithDelimiter					Y	N	Y	Y	N	Y	csv_encode_with_delimiter	Y	N	N	OK
CsvParseStreamFromFile					Y	N	Y	Y	N	Y	csv_parse_stream_from_file	Y	N	N	OK
CacheNewRaw	Cache	newRaw	1	Pure	Y	Y	Y	Y	N	Y	cache_new_raw	Y	N	N	OK
CacheGet	Cache	get	2	Pure	Y	Y	Y	Y	N	Y	cache_get	Y	N	N	OK
CachePut	Cache	put	3	Pure	Y	Y	Y	Y	N	Y	cache_put	Y	N	N	OK
CacheRemove	Cache	remove	2	Pure	Y	Y	Y	Y	N	Y	cache_remove	Y	N	N	OK
CacheClear	Cache	clear	1	Pure	Y	Y	Y	Y	N	Y	cache_clear	Y	N	N	OK
CacheSize	Cache	size	1	Pure	Y	Y	Y	Y	N	Y	cache_size	Y	N	N	OK
CacheStats	Cache	stats	1	Pure	Y	Y	Y	Y	N	Y	cache_stats	Y	N	N	OK
